word,val
王嘉尔,2186
街舞,1324
视频,359
艺术,219
王一博,196
张艺兴,195
真的,151
哈哈哈,142
wje,121
四川话,107
太,107
黄,105
渤,105
队长,102
口头禅,99
可爱,97
Jacky,97
钟汉良,95
唯一,89
西装,80
pk,77
优酷,71
综艺,67
纯黑,64
修身,63
battle,62
嘉尔,61
加盟,60
专业,57
O,56
点评,55
瞬间,55
哈哈哈哈,54
一直,51
喜欢,51
wjr,45
小鸡,44
最,42
特别,42
失忆,42
链接,41
知道,40
网页,40
爱,40
努力,38
舞蹈,38
黄渤,37
舞台,37
笑,34
一博,34
点,33
今晚,33
积分,32
啊啊啊,32
今天,31
好看,31
一起,29
就要,29
啵,29
节目,28
认真,28
脸,28
毛巾,27
太帅,27
假装,27
对待,26
死,26
语言,26
G,26
品牌,24
音乐,24
期待,24
跳舞,24
发现,24
米奇,24
比心,24
选手,23
粉丝,23
听,23
帅,23
互助,23
拍,22
舞者,22
助攻,22
老师,22
里,21
公平,21
Jackson,21
舞,21
w,21
站,21
实力,21
导师,21
哥,21
一天,21
王,20
继续,20
互动,20
夸,20
晚安,20
王队长,20
贴,20
超,20
表情,20
天涯,19
热度,19
眼睛,19
快乐,19
动作,19
美好,19
勇闯,18
王哥,18
草莓,18
想,18
照片,18
嘉嘉,18
认识,18
跳,18
括弧,18
先,18
饿,18
四位,18
100,18
记忆,18
火锅,17
相关,17
期,17
代言人,17
看到,17
一组,17
配合,17
?,17
新浪,17
火,17
秒,17
尴尬,17
长,17
男人,17
再,16
Ways,16
渤哥,16
反应,16
看看,16
王嘉尔为,16
感觉,16
时,16
学,16
优秀,15
觉得,15
8.3,15
宝贝,15
?,15
中,15
以后,15
娱乐,15
转,15
wangjiaer,15
越,15
少,15
布布,15
夫妻,15
缓解,15
一半,14
神仙,14
fendi,14
形象大使,14
更新,14
瓶子,14
过程,14
美,14
震撼,14
好好笑,14
下意识,14
神秘,14
嘉宾,14
看热闹,14
推,14
卡粉,14
整理,14
郭富城,14
操,14
爱惨,14
源泉,14
咩,14
铃声,14
禁二改,14
这张,14
下面,14
抱,14
悄悄,14
艺术品,14
钟,14
临场发挥,14
来源,14
知乎,14
挺,14
问,14
明星,13
资源,13
偶像,13
哒,13
cr,13
投,13
已经,13
太饱,13
郴州,13
用脸,13
遮阳,13
佳浩,13
每来,13
嘉尔队,13
三秒,13
鱼,13
恢复,13
变成,13
尤为,13
绝物,13
噗,13
可不,13
学到,13
这侧,13
鼻梁,13
嘴唇,13
捞,13
肩带,13
爱会,13
消失,13
嘉嘉防,13
预备,13
太乖,13
在後面,13
还学乖,13
王一博太爱,13
脚趾头,13
欢乐,13
档超赞,13
不嫌,13
事大,13
太爱王,13
黄渤说,13
呼呼,13
肉肉,13
口吃,13
王一博笑,13
中王,13
转到,13
挺大,13
讲解,13
kod,13
代言,12
superx,12
剪辑,12
不愧,12
〓,12
一定,12
完,12
说话,12
战队,12
炸,12
宝宝,11
轰,11
趴馆,11
镜头,11
vivo,11
系列,11
谢谢,11
海选,11
帅哥,11
天才,11
真,11
开心,11
创意,11
有趣,11
?,11
玩,11
度,11
帅气,11
穿,11
强,10
在线,10
最近,10
节目组,10
榜,10
新,10
100Ways,10
,10
甜虾,10
,10
好帅,10
八月,10
百度,10
最后,10
号召,10
全场,10
安利,10
能力,10
告白,10
合集,9
大秀,9
Lmomoko94328,9
厉害,9
好好,9
以为,9
飙高,9
利索,9
观察室,9
对不起,9
搞笑,9
之前,9
数据,9
小唯,9
超级,9
真是,9
720,9
收到,9
大赏,9
王杰森,9
出场,9
秀,9
小嘉,8
?,8
分享,8
前,8
x50,8
作品,8
暖,8
一点,8
群,8
LJackson,8
永远,8
现场,8
参加,8
编舞,8
图,8
第一次,8
最好,8
?,8
旋转,8
一种,8
a,8
卫生纸,8
障眼法,8
真实,8
身份,8
卡地亚,7
」,7
活动,7
下,7
?,7
发,7
周边,7
街道,7
经历,7
803,7
星闻,7
天天,7
?,7
拉,7
call,7
大神,7
牛,7
逼,7
搞,7
话题,7
部分,7
记得,7
50,7
太太,7
没想到,7
完美,7
日常,7
认成,7
jackson,7
技能,7
棒,7
?,7
ELLE,7
博的,6
晋级,6
感谢,6
一剪梅,6
研究,6
走,6
x,6
?,6
rap,6
热爱,6
200803,6
成为,6
大战,6
事情,6
完成,6
希望,6
Love,6
「,6
表现,6
cx,6
搜狐,6
新粉,6
王嘉尔王,6
100ways,6
小球,6
烦恼,6
预告,6
录制,6
参与,6
感受,6
原创,6
狙击手,6
一次,6
剪,6
表演,6
街,6
疯狂,6
狂派,6
前空翻,6
心动,6
魅力,6
诶,6
贵公子,6
终于,6
八点,6
swag,6
对视,6
印象,6
20,6
7.31,6
?,6
油管,6
主,6
挚友,5
嘉,5
cut,5
报,5
机会,5
出笼,5
doki,5
朋友,5
放,5
正片,5
尊重,5
伴舞,5
周一,5
这是,5
惊喜,5
准备,5
感受一下,5
恶意,5
官方,5
ins,5
新专,5
piggybank,5
?,5
雪花,5
logo,5
全球,5
小时,5
抢,5
上海,5
练,5
天赋,5
时间,5
接受,5
男,5
200801,5
事,5
吃,5
开场,5
艺兴,5
成功,5
专辑,5
绿洲,5
任务,5
一段,5
求助,5
攻,5
段,5
肖杰,5
LJOSEPHINEWANGA0328,5
以前,5
精彩,5
骄傲,5
我要,5
酷,5
温柔,5
采访,5
感慨,5
明白,5
少年,5
之名,5
懂,5
太好了,5
目标,5
评论,5
选择,5
突然,5
感,5
歌曲,5
国际,5
上线,5
刚刚,5
翻译,5
英语,5
多种语言,5
回到,5
欢迎,5
梗,5
You,5
3000,5
样子,5
排名,5
黑,5
dy,5
无,5
电影,5
打卡,5
头,5
机智,5
一期,5
and,5
节,5
了解,5
型,5
8.1,5
齐齐,5
生活,5
Wang,5
实习,5
僧,5
搬运,5
代入,5
原因,5
Post,5
Malone,5
Cent,5
直播,5
7.3,5
你好,4
小小,4
番茄,4
评价,4
完整,4
展示,4
机位,4
学习,4
这段,4
花絮,4
找,4
DY,4
LHii,4
先锋,4
自带,4
付出,4
差,4
f,4
雷朋,4
首位,4
回来,4
芝士,4
UNIQ,4
签名,4
不断,4
每天,4
云,4
海报,4
广告,4
踩,4
住,4
王嘉尔谈,4
OG,4
王小,4
绅士,4
哥哥,4
消息,4
get,4
麽,4
星,4
,4
途,4
歌,4
jacky,4
林梦,4
写,4
?,4
专业性,4
看得,4
身体,4
爆棚,4
黑客帝国,4
太酷,4
全程,4
一些,4
确实,4
粉,4
姐姐,4
起舞,4
昨日,4
状态,4
不用,4
见到,4
直言,4
说不清楚,4
榜单,4
腿,4
休息,4
憨,4
爱豆,4
情商,4
能手,4
每个,4
10,4
小哇,4
话,4
Krump,4
这种,4
结束,4
北京,4
名,4
昨天,4
所有,4
今日,4
LSparkle,4
麦克风,4
华人,4
来自,4
助力,4
事儿,4
公正,4
打歌,4
后期,4
微,4
早,4
晚上,4
无感,4
摇起来,4
爆,4
字,4
黑暗,4
香蕉,4
水印,4
刷,4
环节,4
好笑,4
狙击,4
富翁,4
王子,4
600,4
周末,4
相,4
,4
Cr,4
欣赏,4
挑战,4
孙红雷,4
绕口令,4
200731,4
杂志,4
?,4
?,4
后,4
呜呜,4
逮,4
撕,4
hello,4
害怕,4
什莫,4
壁纸,4
闹木,4
Kiyo,4
感太强,4
汉化版,4
papillon,4
帖,4
200730,4
SongAssociation,4
JacksonWang,4
Sings,4
in,4
Game,4
of,4
Song,4
Association,4
酷哥,4
很燃,4
一面,4
停留,4
歌声,4
暴击,4
施,4
王嘉尔施,4
无时不刻,4
依旧,4
支付宝,4
一下子,4
多条,4
淦,4
亲笔签名,4
水杯,4
反差,4
萌,4
咖的,4
告诉,4
饮食,4
保持,4
好身材,4
高颜值,4
找到,4
LFadRookie,4
两集,4
播出,4
告一段落,4
400,4
通宵,4
日出,4
凑感,4
解读,4
气势,4
要足,4
狮子,4
发光,4
跟上,4
Bbox,4
多种,4
十项全能,4
嘴,3
王嘉,3
dancer,3
仔,3
LJacksonJT,3
追星,3
无法,3
舞姿,3
喷,3
花,3
清浅,3
丶,3
细节,3
认真对待,3
Fendi,3
路,3
一张,3
K100,3
令人,3
人设,3
三期,3
指路,3
加,3
幽默,3
王嘉,3
@,3
遇见,3
to,3
选,3
这次,3
这街,3
公子,3
未来,3
,3
注意,3
听到,3
粤语,3
地方,3
姐妹,3
舞技,3
没错,3
吃火锅,3
妈妈,3
拜,3
跟着,3
力,3
满满,3
内涵,3
Y,3
打架,3
弟弟,3
才华,3
唱歌,3
北音,3
James,3
舞佳,3
大饼,3
一身,3
气,3
鬼,3
工作,3
小王子,3
生气,3
俩,3
斗舞,3
两位,3
尖叫,3
赢,3
数,3
调味酱,3
每日,3
明晚,3
四个,3
星星,3
旁边,3
满屏,3
大长,3
小可爱,3
盖盖,3
皇家,3
招募,3
投票,3
集结,3
号,3
条,3
点赞,3
?,3
心,3
场上,3
鼓励,3
一句,3
拯救,3
逗,3
拿来,3
干,3
享受,3
派对,3
主持人,3
设计,3
王嘉尔太,3
自由,3
期间,3
苏恋雅,3
回,3
艺人,3
回顾,3
膝盖,3
高燃,3
丝滑,3
卡点,3
众人,3
气氛,3
权力,3
送花,3
进入,3
特攻队,3
定期,3
声音,3
海外,3
办法,3
以下,3
心疼,3
跳街舞,3
做到,3
奶,3
之后,3
水平,3
能够,3
Honey,3
嗨,3
搜,3
配上,3
掰,3
一件,3
不说,3
t,3
老王,3
侵删,3
王嘉尔帅,3
打天下,3
应援,3
?,3
四轮,3
晕,3
质感,3
热血,3
气场,3
一条,3
?,3
krump,3
来说,3
万,3
愉快,3
满分,3
衣服,3
太绝,3
契合,3
夏日,3
解锁,3
工作室,3
调皮,3
造型,3
一秒,3
心中,3
遇到,3
哭,3
肯定,3
性格,3
sense,3
确定,3
小朋友,3
叭叭,3
隔空,3
选秀,3
那点,3
不见不散,3
天,3
黑色,3
第一天,3
全世界,3
最帅,3
,3
五官,3
气质,3
层面,3
全开,3
礼物,3
200729,3
嘤,3
?,3
总结,2
200802,2
一致,2
认可,2
几位,2
对嘉嘉,2
尔比,2
标准,2
故事,2
叔叔,2
教学,2
脑袋,2
可乐,2
加冰,2
打压,2
明显,2
第一期,2
刻意,2
近视,2
世界,2
绵羊,2
兄弟,2
内在,2
教养,2
骨子里,2
昨天晚上,2
回去,2
酒店,2
房间,2
香菜,2
服,2
美国,2
偶遇,2
手机,2
正在,2
打榜,2
需要,2
支持,2
加油,2
阵容,2
请来,2
目前,2
太棒了,2
第三季,2
Ljacky,2
L33,2
仙,2
仙子,2
蘸,2
料,2
诉求,2
乱,2
王嘉尔立,2
三年,2
干嘛,2
通告,2
根本,2
有没有,2
超帅,2
掰头,2
进行,2
8.4,2
空翻,2
重要,2
g,2
j5,2
两个,2
105,2
淘汰,2
Seven,2
Battle,2
李帅,2
贵气,2
Bboy,2
火热,2
表示,2
造就,2
破,2
扔,2
王嘉尔爱,2
导演,2
太有,2
那,2
还行,2
王鹅,2
楼上,2
吵,2
早上,2
嘉尔说,2
做好,2
每一件,2
榜样,2
机,2
记录,2
①,2
②,2
③,2
出道,2
子,2
那种,2
小野,2
称职,2
牌,2
鸡汤,2
e分,2
玖,2
姑娘,2
入坑,2
真香,2
真帅,2
一枚,2
待定,2
一档,2
综艺节目,2
一步,2
同款,2
专注,2
声明,2
J5,2
摇曳,2
一舟,2
队伍,2
氛围,2
简单,2
〔,2
制图,2
〕,2
805,2
生日快乐,2
26,2
_,2
孩子,2
每次,2
值得,2
真正,2
展现,2
中国,2
舞腾,2
SharkBomb,2
Daswitch,2
电门,2
emoji,2
瞅,2
机灵,2
垃圾,2
观众,2
韩国,2
出了名,2
管理,2
跑,2
一遍,2
大佬,2
错过,2
萍水相逢,2
723,2
大本营,2
客观,2
信任,2
小朝,2
黑马,2
盖,2
不停,2
杀,2
一绝,2
卷,2
,2
V|,2
ok,2
唔,2
疯,2
小王,2
tm,2
骚,2
操作,2
好像,2
全体,2
长沙,2
零食,2
原来,2
飘,2
秘密,2
柏,2
b,2
苞,2
MK,2
Remix,2
TA,2
牵,2
很帅,2
精选,2
指南,2
统计,2
绝世,2
小天使,2
完全,2
盯,2
饭圈,2
什N,2
惊到,2
疯掉,2
争夺,2
复活,2
名额,2
一触即发,2
抓住,2
揭晓,2
Most,2
Requested,2
Live,2
最多人,2
点播,2
猛,2
不爱,2
一闪,2
好好看,2
效果,2
宣传,2
胡辣汤,2
超话,2
送,2
行为,2
君,2
碰瓷,2
reaction,2
美素,2
佳儿,2
保护,2
尼格,2
买,2
提,2
多图,2
预警,2
superX,2
王炸,2
高能,2
来袭,2
丨,2
小蓝瓶,2
玩转,2
重病,2
亲笔信,2
freestyle,2
app,2
日均,2
人数,2
奖励,2
帅帅,2
好多,2
场下,2
两条,2
热血沸腾,2
太难,2
Swae,2
Lee,2
Major,2
Lazer,2
黄渤高,2
再现,2
挽回,2
小马,2
嘉尔好,2
耶,2
三个,2
乔治,2
太炸,2
遇上,2
大可不必,2
反正,2
曾智E,2
梦迪,2
腾仔,2
不服,2
欲,2
鲤鱼打挺,2
邀请,2
直拍,2
歌手,2
击剑,2
冠军,2
标签,2
热力,2
登场,2
不好,2
毛,2
恭喜,2
第一位,2
份,2
无敌,2
mediabase,2
创,2
历史,2
频道,2
英文,2
版本,2
站子,2
字幕组,2
收,2
两天,2
身边,2
i,2
哇偶,2
邀,2
拒绝,2
场面,2
砸,2
混,2
内有,2
彩蛋,2
三连,2
教王,2
皮,2
蟹,2
开启,2
激烈,2
更是,2
极致,2
杨文韬,2
cici,2
表达,2
心里,2
王嘉尔好,2
暴风,2
燃炸,2
较前,2
一日,2
人气,2
卫衣,2
内心,2
宇宙,2
感好,2
早安,2
本本,2
骂,2
实习生,2
这期,2
工具,2
瘦,2
估计,2
喜爱,2
王嘉尔会,2
Rap,2
给力,2
一如既往,2
比赛,2
乖乖,2
理解,2
完整性,2
应该,2
干净,2
炸裂,2
青岛,2
舞王,2
鸭,2
s,2
莲,2
清楚,2
副歌,2
唱来,2
不到,2
夜诉,2
衷肠,2
罐,2
JZ,2
组,2
六站,2
联合,2
招新,2
跳叔,2
感恩,2
鸡哥,2
大赛,2
平平,2
难,2
趴,2
炸场,2
打电话,2
耳朵,2
怀孕,2
惹,2
方言,2
四川,2
实在,2
无限,2
高,2
＂,2
天真,2
无羡,2
蓝忘机,2
没话说,2
终极,2
争夺战,2
愣,2
用心,2
教,2
队员,2
眼光,2
高级,2
主理,2
当时,2
百看不厌,2
舞团,2
王嘉尔纯享,2
盛大,2
点燃,2
热情,2
十分,2
忘,2
掌握,2
道,2
东西,2
眼神,2
挖坑,2
手,2
身材,2
搜索,2
教程,2
星球,2
驾到,2
X50,2
空,2
考古,2
脱,2
蛛网,2
奇趣,2
揭秘,2
王队,2
羡慕,2
乘风破浪,2
营养,2
怪兽,2
莲龙,2
第一,2
TEAM,2
WANG,2
惊艳,2
广东话,2
舒服,2
业务,2
来炸,2
四方,2
那N,2
邓伦,2
黄明昊,2
直接,2
融合,2
取向,2
强大,2
为啥,2
方面,2
面对,2
冷漠,2
辽,2
hp,2
追,2
弹幕,2
掉,2
梦,2
cue,2
素材,2
?,2
本期,2
金句,2
主持,2
念叨,2
提前,2
阳光,2
随时,2
out,2
已,2
发出,2
裤,2
成都,2
问题,2
Ｉ,2
the,2
唠叨,2
pick,2
慕喊涵,2
出击,2
版,2
玩家,2
Wje,2
LTeamWang,2
成,2
命运,2
意见,2
同台,2
沟通,2
方式,2
奇葩,2
好难,2
第二期,2
?,2
?,2
?,2
失去,2
妥妥,2
行走,2
o,2
港台,2
情报,2
我来,2
男孩,2
冰雪,2
奇缘,2
雪宝,2
太贵,2
忍不住,2
李,2
周六,2
开播,2
距离,2
love,2
唱,2
清晰,2
颜值,2
?,2
过去,2
迷失,2
人间,2
身上,2
回家,2
奇虾,2
吃饭,2
时而,2
story,2
Ask,2
me,2
question,2
出生,2
Captain852,2
24,2
富强,2
民主,2
文明,2
和谐,2
平等,2
法治,2
爱国,2
敬业,2
诚信,2
友善,2
核心,2
价值,2
美貌,2
推特,2
,2
王嘉尔点,2
菠菜,2
超人,2
游戏,2
满足,2
teamwangdesign,2
福州,2
截图,2
演绎,2
真敢,2
委屈,2
科技,2
市民,2
该死,2
帮助,2
威亚,2
麦克,2
甩手,2
录,2
播放,2
1900,2
奔,2
?,2
?,2
?,2
?,2
?,2
想到,2
练习,2
室版,2
近期,2
现场图,2
瘦脱,2
男团,2
21,2
周五,2
证明,2
美版,2
访问,2
联想,2
up,2
u,2
中字,2
王嘉尔秀,2
担心,2
评,2
几手,2
拿捏,2
太冷,2
content,1
捂,1
KKK,1
真是太,1
总和,1
资深,1
媒体,1
角度,1
分析,1
nili,1
数次,1
提及,1
隐形眼镜,1
下集,1
大眼,1
困扰,1
坏,1
娱评姐,1
求求,1
只管,1
放心,1
前行,1
出自,1
WOLO,1
王嘉尔心,1
空站,1
下去,1
胡乱,1
四缺,1
模式,1
微博才,1
太过,1
剪掉,1
眼里,1
猛虎,1
vs,1
之锤,1
认为,1
打动,1
闲聊,1
时刻,1
看戏,1
小粉,1
香,1
正瓶,1
高产,1
请求,1
心累,1
∠,1
_#,1
及时,1
好评,1
装不来,1
吵架,1
脚指头,1
不出,1
路子,1
zyx,1
pd,1
活不了,1
应有,1
拍照,1
散光,1
合照,1
很甜,1
拍糊,1
行动,1
刚播,1
孟美岐,1
林允,1
程潇,1
金晨,1
任嘉伦,1
朱正廷,1
血本,1
豪华,1
吸引力,1
正式,1
官宣,1
谨慎,1
吃瓜,1
诗雅,1
autism,1
级,1
柔爱,1
美颜,1
足,1
费劲,1
签到,1
违约,1
签约,1
真恶,1
见见,1
金鱼,1
找全,1
南宁,1
FENDI,1
8.04,1
坚持,1
小u,1
u哥o,1
王嘉,1
口,1
溜,1
N切,1
唱歌跳舞,1
吐,1
看y度,1
懂,1
我,1
美丽,1
意外,1
欧莱雅,1
男士,1
在乎,1
多个,1
几分钟,1
各抒己见,1
进,1
70,1
失败,1
全员,1
smoke,1
respect,1
BboyLeerock,1
LBboyLeerock,1
午餐肉,1
肠,1
件,1
赏心悦目,1
Listen,1
写诗,1
Rapper,1
Arukas,1
赶紧,1
滴滴,1
回忆起,1
练舞,1
基本功,1
一年,1
镜子,1
isolation,1
哪有什么,1
一夜,1
成名,1
只不过,1
百炼成钢,1
喵,1
小娱,1
次元壁,1
画饼,1
破壁,1
路上,1
三千,1
网抑,1
已到,1
怼,1
导演组,1
原则,1
R,1
h良,1
小哇哥,1
裨L,1
r候,1
很感,1
x嘉,1
最後的,1
幼,1
神,1
一P,1
感,1
_是,1
,1
e人,1
境,1
o予,1
能o,1
椭,1
peace,1
太大,1
公司,1
宛如,1
一根,1
包柱,1
superelle,1
地板,1
继唱作,1
beat,1
扰民,1
邻居,1
施工,1
转机,1
爸爸,1
?,1
太苏,1
超越,1
一步一个脚印,1
走到,1
小亚子,1
momo,1
鸡皮,1
花式,1
N,1
先生,1
肥牛,1
大方,1
嘉尔太逗,1
漫画,1
走出,1
补充,1
半瓶,1
香水,1
张学友,1
分手,1
总要,1
雨天,1
练习生,1
伴过,1
④,1
初中,1
零陵,1
中学,1
读过,1
书,1
笑声,1
治愈,1
王一博张,1
串烧,1
一开,1
拌面,1
王嘉尔唱,1
全,1
拿走,1
直,1
男变,1
弯,1
b,1
君是,1
汪,1
不妥,1
删,1
修养,1
品性,1
待人接物,1
优秀品质,1
总是,1
有礼,1
,1
一看,1
娃爹,1
王嘉尔是,1
分给,1
小苹果,1
愿意,1
全家,1
爱看,1
舞圈,1
顶尖高手,1
汇聚,1
煽情,1
讲故事,1
感染力,1
好棒,1
随随便便,1
踏踏实实,1
实现,1
太少,1
多点,1
记忆力,1
正,1
能量,1
想起,1
维权,1
不拉,1
正视,1
谁家,1
理智,1
太委屈,1
仿佛,1
家,1
王,1
u,1
什,1
快,1
,1
N心,1
tips,1
L,1
一L,1
其,1
口味,1
一,1
混进,1
说好,1
太逗,1
求,1
优待,1
只求,1
小嘴,1
撅,1
眉毛,1
一挑,1
包包,1
标不,1
xswl,1
bo,1
哥说,1
捌,1
什伍,1
,1
骗,1
反,1
安慰,1
拳^,1
硬,1
q,1
要,1
,1
,1
o奈,1
不^,1
,1
m然,1
母H,1
香港,1
一瞬,1
g,1
槟,1
H,1
目,1
M,1
後,1
_,1
玩笑,1
大肆宣扬,1
文化,1
夸过,1
毕业生,1
汤乾,1
Popping,1
齐舞,1
震,1
要加,1
五道,1
菜品,1
四道,1
第五个,1
填空,1
Emoji,1
小达人,1
调查,1
问卷,1
样,1
担当,1
过硬,1
不让,1
仨,1
集体,1
失控,1
欢快,1
一个个,1
看得出来,1
心肝,1
护腰,1
从来不,1
离身,1
医生,1
看一遍,1
军装,1
制服,1
控,1
性感,1
荷尔蒙,1
中看,1
对方,1
滤镜,1
看待,1
肖杰组,1
王嘉尔张,1
哇个,1
回忆,1
技巧,1
鬼迷心窍,1
肖卷,1
K於,1
港仔,1
vZ,1
知,1
o,1
吸,1
没剪,1
肉松,1
妮,1
泥,1
ring,1
对话,1
博哥,1
傻傻,1
分不清楚,1
旺仔,1
不多,1
香香公主,1
秘E,1
mv,1
娱乐圈,1
新人,1
熟悉,1
好圈,1
思想,1
看出,1
王嘉尔香,1
十里,1
Mk,1
乐坛,1
贡献,1
听的歌,1
打打,1
舞美,1
女,1
截止,1
24540682,1
增长,1
12322,1
wang,1
Tina,1
完小,1
哇哥,1
懵,1
辅助,1
善良,1
刻,1
思考,1
应激反应,1
酱子,1
化成,1
就定,1
速报,1
Summer,1
Store,1
Ep1,1
小Zf,1
,1
T,1
卡通,1
人,1
摘下,1
面具,1
答案,1
呼之欲出,1
神级,1
高高,1
百路,1
获得,1
第一名,1
算是,1
人粉,1
感官,1
有剧,1
凑,1
大润发,1
嘉尔人,1
对得起,1
亮晶晶,1
小男孩,1
LSuki,1
诗怡,1
拉满,1
绝配,1
家乡,1
牛肉汤,1
时嘴,1
瓢,1
河南,1
好喝,1
少女,1
瓜,1
没人敢,1
公认,1
强者,1
早点,1
四公,1
共享,1
集齐,1
迷惑,1
嘎言嘎语,1
翻滚,1
八卦,1
跳崖式,1
切合,1
起伏,1
太美,1
令向,1
增加,1
合伙人,1
令,1
度过,1
这一关,1
新浪网,1
开,1
机车,1
加进,1
炸到,1
SUMMER,1
STORE,1
EP,1
1,1
CUT,1
画画,1
?,1
店里,1
吃完饭,1
下来,1
还排,1
两支,1
多久,1
15,1
300,1
1500,1
≥,1
达到,1
两倍,1
追加,1
六月,1
公示,1
宝贝儿,1
2019.0723,1
?,1
广州,1
百事,1
Style,1
时尚,1
手册,1
幕后,1
快点,1
点开,1
zfb,1
通道,1
数太少,1
千万别,1
佛,1
炸翻,1
很暖心,1
joji,1
新作,1
KWalking,1
feat,1
发布,1
头条,1
文章,1
黄渤老,1
嘞,1
公孙,1
无名,1
膜拜,1
怎么回事,1
8.03,1
开心玩,1
尽兴,1
眼花缭乱,1
尼玛,1
当宝,1
容不得,1
狗东西,1
践踏,1
幽默感,1
理由,1
睁,1
狗眼,1
舔,1
三位,1
糊,1
沾边,1
抵挡,1
新闻,1
近日,1
由王,1
担任,1
大型,1
选拔,1
类,1
真人秀,1
现代,1
研修,1
学院,1
BIG,1
D,1
学子,1
入围,1
张,1
胜负,1
这才,1
精神,1
多到,1
爆炸,1
玩耍,1
加个,1
吸脂,1
小姨妈,1
天鹅,1
我晕,1
大杭,1
泰迪,1
王嘉尔大秀,1
rapper,1
设计师,1
多面,1
人生,1
单一,1
定义,1
爱开,1
轮,1
敬请期待,1
绝美,1
全送分,1
Lvivo,1
烟火,1
大会,1
几张,1
烟花,1
健康,1
平安,1
一切顺利,1
卡通图,1
画,1
岛旗,1
美滋滋,1
占据,1
iHeartRadio,1
本周,1
屏幕,1
出现,1
巨星,1
影响力,1
有目共睹,1
想着,1
爱上,1
预售,1
一博张,1
亲,1
签款,1
春日,1
幻想,1
症,1
灵活,1
游刃有余,1
干净利索,1
创作,1
全能,1
TEAMWANGdesign,1
外网,1
得知,1
人员,1
翻译成,1
申请,1
俄语,1
土耳其语,1
波斯语,1
葡萄牙语,1
阿拉伯语,1
抢人,1
言语,1
战,1
强调,1
信物,1
亲亲,1
建议您,1
取消,1
订单,1
看得见,1
吸引,1
wjewjr,1
下周,1
保山,1
礼,1
预计,1
一到,1
二名,1
顺其自然,1
律动,1
popping,1
夹克,1
自评,1
小姐姐,1
撩,1
这样的话,1
王嘉尔牛,1
优质,1
雷霆,1
嘎巴,1
巴士,1
发车,1
震感,1
五侠,1
Zoffy,1
CasterCrewX,1
CrewRF,1
B,1
收藏,1
迷路,1
季,1
一博是,1
黄渤是,1
编剧,1
蹭,1
黄渤炸场,1
洗脑,1
超有料,1
木偶,1
马里奥,1
赛车,1
鬼才,1
第三期,1
赛,1
助阵,1
畅聊,1
犀利,1
位,1
硬核,1
高燃炸街,1
美感,1
带来,1
视听,1
盛宴,1
双人舞,1
极具,1
引,1
瑞斯,1
Wuli,1
Stephanie,1
Poetri,1
KI,1
II,1
好听,1
用尽,1
洪荒,1
之力,1
麻烦,1
友好,1
好不好,1
制造者,1
一脸,1
惊心动魄,1
md,1
说嘉尔,1
素质,1
骂人,1
吃素,1
yk,1
好事,1
没点,1
逼数,1
嘉尔有,1
2018,1
恶心,1
后台,1
有病,1
突出,1
辛辛苦苦,1
tmd,1
隔离,1
吸入,1
知识,1
馒头,1
票数,1
417,1
?,1
下载,1
煮,1
娱,1
投一票,1
百科,1
累计,1
总数,1
5369,1
直观,1
反映,1
网络,1
大半夜,1
王嘉尔太绝,1
甜,1
粉红,1
脱掉,1
剩下,1
背心,1
鸡叫,1
猫宁扣,1
20200803,1
?,1
四目,1
相对,1
比较,1
天眼,1
黑鹰,1
静止,1
人敢,1
不放,1
脑子,1
灵,1
长时间,1
读信,1
唯独,1
跳过,1
明摆着,1
压榨,1
免费,1
下半身,1
记着,1
份街,1
仔手,1
账,1
note,1
关键,1
一点点,1
俗话说,1
内行,1
门道,1
外行,1
过瘾,1
－,1
universon,1
太阳,1
月亮,1
如林,1
间,1
清风,1
深谷,1
白云,1
喝,1
香甜,1
野,1
蜂蜜,1
第一集,1
老帅,1
萝卜,1
白菜,1
各有所爱,1
科室,1
比艺兴,1
emmmmmm,1
os,1
顶流,1
兴趣,1
小伙伴,1
简介,1
黄渤来,1
随机,1
听歌,1
认知,1
掌控,1
please,1
散粉,1
墙头,1
无数,1
摇摆不定,1
仅为,1
个人观点,1
学期,1
看过,1
招聘,1
推送,1
挤破,1
tLJackson,1
11,1
点半,1
老坛,1
酸菜,1
面,1
牌小,1
粽子,1
?,1
?,1
?,1
?,1
?,1
惊呆,1
老姐,1
回房,1
念念有词,1
意犹未尽,1
PS,1
有点,1
重,1
惊,1
越来越,1
ACE,1
配,1
万年,1
修,1
何以,1
琛,1
世界级,1
程度,1
斗魂式,1
解封,1
太燃太炸,1
两张,1
对比,1
一发,1
一问,1
这哥,1
自官,1
宣王,1
前期,1
营销,1
创造,1
流量,1
腰部,1
突显,1
至少,1
保证,1
太燃,1
堪比,1
职业,1
交叉步,1
迈克尔,1
杰克逊,1
舞步,1
分离,1
控制,1
滑行,1
地面,1
有力,1
耀眼,1
上天,1
辜负,1
一份,1
代表作,1
无缝,1
切换,1
吐槽,1
八二王,1
嘉尔好帅,1
热,1
趋势,1
微博铺,1
材料,1
美图,1
文案,1
Let,1
go,1
加热,1
停,1
经典,1
honey,1
WAYS,1
超群,1
风范,1
传媒,1
第三只,1
眼,1
听说,1
舞种,1
kurmp,1
新专辑,1
那首歌,1
读,1
小精灵,1
扭头,1
霸屏,1
认真做事,1
代表,1
起码,1
范围,1
其他人,1
允许,1
马马虎虎,1
20200802,1
无处可逃,1
艺术总监,1
复盘,1
世纪,1
最爱,1
霹雳,1
毒鸡,1
排练,1
凌晨,1
两三点,1
叔,1
讲述,1
瑞思拜,1
don,1
say,1
so,1
much,1
布拉迪,1
o奇,1
Z言,1
一打,1
容易,1
一季,1
嘉尔笑,1
跪,1
太牛,1
太精彩,1
扒,1
572,1
这组,1
妈,1
无解,1
978,1
撕漫,1
?,1
LAshleybibacc,1
这季,1
超乎,1
想象,1
显示屏,1
高配,1
看嘉嘉说,1
社交,1
软件,1
男星,1
最高,1
中有,1
一脸茫然,1
四大,1
巨头,1
招牌,1
行云流水,1
顶尖,1
赛事,1
拼,1
不想,1
输,1
严格,1
之外,1
Cypher,1
舌头,1
有戏,1
桐峰,1
还帅,1
目前为止,1
鸟语花香,1
档,1
特,1
这点,1
度量,1
从头到尾,1
几句,1
全部,1
一剪,1
嘉尔读,1
信,1
无语,1
每场,1
ber,1
嘎尔,1
天天向上,1
张伟,1
左右为难,1
看枫哥,1
LLovefighter,1
SMGO,1
非要,1
猜,1
绝妙,1
如其人,1
太出,1
圈,1
品品,1
没得说,1
注重,1
正经,1
画面,1
合适,1
碎了心,1
明明,1
吸粉,1
搜王,1
女孩,1
精髓,1
不要紧,1
照样,1
大胆,1
王嘉尔底,1
弃票,1
说不上来,1
亏,1
边上,1
IT,1
还输,1
ti,1
投了,1
差距,1
王先生,1
耍起,1
帽子戏法,1
SLAY,1
是不是,1
迷茫,1
想为,1
做事,1
不知,1
从何下手,1
组织,1
过来,1
花果山,1
使命,1
黑酸,1
挂,1
wb,1
角落,1
一首,1
嘉歌,1
所知,1
空瓶,1
排查,1
无无嘉,1
嘉粉,1
看不到,1
帖子,1
傻白甜,1
18,1
晓得,1
一个劲儿,1
立人设,1
本王,1
宠粉,1
咬,1
玫瑰,1
送给,1
坐在,1
握,1
嗓音,1
迷人,1
太可,1
爆社,1
VX,1
进度,1
加入,1
公会,1
做错,1
明星榜,1
278,1
284,1
350,1
Why,1
说来说去,1
拜托,1
投个,1
90,1
亲戚朋友,1
每人每天,1
有个,1
票,1
左右,1
少之又少,1
吼,1
泥潭,1
勇者,1
祝,1
洋芋,1
与生俱来,1
潜龙,1
爆料,1
杭州,1
余杭,1
并存,1
泪流满面,1
爱情,1
de,1
卧槽,1
激情,1
澎湃,1
China,1
领军,1
格,1
瓦斯,1
杨凯,1
腰折,1
断,1
手残,1
脚废,1
比前,1
两季,1
天花板,1
拔高,1
几个,1
旺旺,1
冰冰,1
别提,1
Adidas,1
放马过来,1
说来,1
yinyin,1
出手,1
即见,1
魔王,1
超好,1
红胶,1
唱片,1
拆出来,1
出品,1
精品,1
诚意,1
痛快,1
要学,1
就学,1
踏实,1
呦,1
心心念念,1
要来,1
王嘉尔炸,1
翻,1
控力,1
flexible,1
不亏,1
直,1
心K,1
半身,1
赛道,1
选人,1
分钟,1
太气,1
模糊,1
合理,1
LKinjaz,1
棒棒,1
几档,1
密室,1
逃脱,1
中餐厅,1
赵丽颖,1
黄晓明,1
刘宇宁,1
奔跑,1
蔡,1
徐坤,1
Angelababy,1
冲浪,1
店,1
韩,1
东君,1
极限,1
迪丽,1
热巴,1
岳云鹏,1
张雨,1
绮,1
万茜,1
宁静,1
现实,1
无聊,1
不当,1
别怪,1
给面子,1
Florrie,1
Wong,1
17,1
莫名,1
总,1
韩舞,1
编排,1
上会,1
瞎猜,1
相似,1
赶脚,1
好自为之,1
承包,1
LHi,1
Carrie,1
新技能,1
遭遇,1
滑铁卢,1
Nonono,1
现学,1
好奇,1
?,1
零号,1
Jazero,1
杠杠,1
存在,1
咕噜噜,1
嘉尔太,1
偏,1
不放过,1
听听,1
TeamWang,1
磕嘉,1
自修,1
二改,1
抹,1
双皮王,1
后边,1
起哄,1
未知,1
全貌,1
不予置评,1
Z,1
上,1
o事,1
我明,1
明,1
你v,1
目录,1
有质,1
飞跃,1
fendiman,1
武汉,1
韩语,1
些许,1
法语,1
日语,1
爽文,1
男主人,1
设,1
脚丫,1
55555,1
按捺不住,1
LHangOnStrawberry,1
出新,1
高度,1
黄渤哥,1
贼,1
爱死,1
百颂,1
伊,1
未,1
播片,1
咯,1
轻松,1
拿下,1
ps,1
这一,1
part,1
满地,1
身为,1
救场,1
角色,1
吐,1
槽,1
口才,1
还给,1
附上,1
片段,1
佐证,1
钟情,1
抵抗力,1
救命,1
双王,1
他俩,1
尤其,1
同一,1
清除,1
憋,1
好久,1
喜笑颜开,1
夸赞,1
库,1
蒙面,1
亮相,1
嘴瓢,1
幸好,1
刹车,1
后空翻,1
人海中,1
曾,1
千千万万,1
始终,1
这般,1
深深地,1
走进,1
心底,1
念念不忘,1
愿,1
温暖,1
感触,1
颇深,1
口碑,1
一点一点,1
定律,1
两队,1
志在必得,1
这支,1
一拜天地,1
二拜,1
高堂,1
一吻,1
过后,1
一响,1
一场,1
悲喜交加,1
一大早,1
本来,1
冲着,1
优秀作品,1
感动,1
......,1
坚持不懈,1
做梦,1
我家,1
?,1
?,1
?,1
?,1
那段,1
萌到,1
后面,1
合作,1
独特,1
吖,1
帅爆,1
安排,1
好哇,1
老江湖,1
不敢,1
激动,1
忍着,1
直到,1
全票,1
释放出来,1
想念,1
害,1
想见,1
Queen328,1
碎,1
碎念,1
对口相声,1
随口,1
包袱,1
依然,1
昨晚,1
梦里,1
全是,1
团体,1
停过,1
惊醒,1
迷妹,1
手臂,1
骨折,1
ing,1
高冷,1
接触,1
过才,1
擅长,1
当代,1
打气,1
影像,1
姣,1
全方位,1
发掘,1
闪光点,1
至诚,1
一丝不苟,1
准时,1
验收,1
相声,1
专场,1
黄渤全秀,1
阅剧,1
博,1
七夕,1
暗号,1
查收,1
中文,1
LFENDI,1
信王,1
嘉尔给,1
sao,1
秀来,1
一代,1
大写,1
坐,1
蹲,1
大哥,1
会火,1
看点,1
系统,1
只会,1
拍发,1
一波,1
兴兴,1
ａ,1
ｍ,1
小奶音,1
糊糊,1
想法,1
包括,1
LTreasureyeol,1
喊,1
起床,1
嘶吼,1
Room,1
Service,1
各种各样,1
任君,1
久,1
LKalare,1
Work,1
我博,1
有所,1
crL,1
鬼马,1
精灵,1
奇思妙点,1
喷涌,1
show,1
随时欢迎,1
王大爷,1
散步,1
捧杀,1
强行,1
Nice,1
meet,1
you,1
频频,1
赞叹,1
殊不知,1
尔巴,1
比龙,1
视觉,1
听觉,1
双重,1
接收,1
豹,1
击,1
单凭,1
脸蛋,1
诠释,1
预言,1
实时,1
收获,1
授课,1
行,1
保质期,1
制造机,1
嘉嘉有,1
数一数,1
句,1
LONLYWANG,1
JP,1
日站,1
博多,1
太爱,1
恩,1
王嘉尔式,1
来康康,1
高手,1
天时地利人和,1
By,1
粉色,1
菠萝,1
locking,1
lingo,1
娱此,1
艺生,1
布布组,1
精彩表演,1
王一博不爱,1
普通话,1
不太好,1
一步步,1
走入,1
陷阱,1
坚信不疑,1
感染,1
致命,1
领袖,1
发电机,1
那串,1
铃铛响,1
心碎,1
擦,1
嚯,1
见面,1
形容,1
集美,1
有意思,1
活着,1
火车,1
Reaction,1
特辑,1
女人,1
过分,1
LCamille22y,1
组团,1
圈粉,1
?,1
?,1
再创,1
ID,1
四舍五入,1
探店,1
万分,1
热心,1
短,1
预览,1
放在,1
一幅,1
画似,1
名画,1
l,1
hot,1
凫对,1
哥,1
实至名归,1
王嘉尔问,1
女选手,1
不去,1
冷静,1
男生,1
晚,1
播,1
按钮,1
半个,1
看见,1
有时候,1
上嘉尔,1
进且,1
谦虚有礼,1
貌,1
运气,1
大婷,1
Hiphop,1
空降,1
意料之中,1
看贵气,1
满满的,1
打分,1
几眼,1
尤,1
ada,1
自习室,1
食堂,1
太狠,1
炒,1
待会儿,1
霸道,1
总裁,1
成熟,1
小伙,1
笔记,1
帅帅帅,1
坐等,1
晚饭,1
这么久,1
八点钟,1
这套,1
my,1
雕塑,1
般的,1
无暇,1
脸庞,1
搭,1
dbq,1
迟,1
板凳,1
就位,1
小嘎,1
Jackylover,1
拿到,1
superElle,1
自制,1
小卡,1
我会,1
幸福,1
嗲,1
清清楚楚,1
公屏,1
闪店,1
?,1
幸运,1
抽,1
中嘉嘉,1
购买,1
资格,1
微调,1
2p,1
原图,1
商用,1
6.1,1
M,1
沉迷,1
下颚,1
线,1
始于,1
钟于,1
左,1
心房,1
多一点,1
王嘉尔绝,1
绝子,1
骑,1
白马,1
王嘉嘉子,1
唷,1
人神共愤,1
答疑,1
对对碰,1
打听,1
问号,1
之处,1
长篇大论,1
科普知识,1
消化,1
有嘉嘉,1
z,1
y,1
有,1
地D,1
因,1
我,1
n,1
ゥ,1
穿红,1
红色,1
最贵气,1
小孩儿,1
十足,1
莫不是,1
迪士尼,1
逃,1
衣架,1
鲨,1
精致,1
模样,1
这颜值,1
批,1
一块,1
布在,1
迷倒,1
〃,1
遇,1
分,1
,1
@刻,1
_始,1
相信,1
@是,1
壹切,1
命,1
注定,1
ぐ,1
陌上,1
如玉,1
世,1
无双,1
翩翩公子,1
ll,1
古灵精怪,1
拼劲,1
天生,1
但用,1
idea,1
bank,1
搞怪,1
style,1
舞起来,1
一周,1
审美,1
造物主,1
聪明睿智,1
拥有,1
顶级,1
容颜,1
天太,1
风格,1
驾驭,1
超苏,1
hold,1
bot,1
双旦,1
all,1
black,1
长得帅,1
前提,1
今天下午,1
兴趣班,1
没事,1
在家,1
认王,1
忠实,1
平时,1
次数,1
并不多,1
特意,1
放给,1
去年,1
人广,1
地铁,1
地广,1
记到,1
记性,1
双标,1
喔,1
拍摄,1
漫长,1
睡觉,1
Just,1
finished,1
shoot,1
such,1
long,1
day,1
heading,1
home,1
sleeping,1
resting,1
酷爽,1
足够,1
筒,1
撞,1
个性,1
不畏,1
D苦,1
独闯,1
0,1
good,1
墙,1
甜甜的,1
很早,1
打过,1
卡,1
这孩纸,1
皮皮,1
hhhhh,1
Lyaner,1
JW,1
捕捉,1
夜晚,1
营业,1
噢,1
椅子,1
迟疑,1
押,1
预热,1
唤醒,1
漫游,1
浩瀚无垠,1
之中,1
飞船,1
苏醒,1
紧急,1
后背,1
交给,1
来到,1
国度,1
票务,1
小可,1
不落,1
三季,1
Dance,1
is,1
life,1
组港,1
风绝,1
20200731,1
七月,1
再见,1
助,1
801,1
信用,1
价值观,1
分,1
国家,1
社会,1
公民,1
发大财,1
Ｇ,1
调亮,1
守护,1
卖萌,1
修复,1
糊成,1
马赛克,1
考虑,1
明亮,1
人群,1
一眼,1
乖,1
小兔,1
牙太,1
可可,1
敢教,1
敢学,1
丢,1
回笼觉,1
万万,1
美少女,1
战士,1
养眼,1
版卷,1
珠帘,1
呆,1
这妆容,1
时光,1
机灵鬼,1
儿,1
自动,1
消音,1
真有,1
深夜,1
自拍,1
blingbling,1
安安静静,1
美男子,1
辛苦,1
鹅子,1
痘痘,1
bboxwje,1
加二,1
肉肠,1
real,1
辣,1
聊天室,1
燃,1
纷纷,1
绝技,1
哪位,1
留下,1
深刻,1
快来,1
灿烂,1
新歌,1
Can,1
Breathe,1
LBoss,1
是否,1
面孔,1
{亮,1
一cc,1
,1
感太,1
,1
,1
_,1
乌漆,1
麻黑,1
我帅,1
脸型,1
褒义,1
芝心,1
ChopChop,1
会集,1
优点,1
?,1
既暖心,1
一旁,1
惨,1
深圳,1
啪,1
姐多,1
玩游戏,1
发了,1
文字,1
小哥,1
快递,1
历经,1
波折,1
忙碌,1
很快,1
明天,1
仓山,1
万达,1
广场,1
偶然,1
存货,1
嘀,1
Titanic,1
首歌,1
绝壁,1
音效,1
MIRRORS,1
TITANIC,1
MV,1
下期,1
一闪而过,1
犯,1
花痴,1
段时间,1
出席,1
superELLE,1
私下里,1
思雨,1
剧集,1
炫耀,1
一博说,1
一个六岁,1
带给,1
法兰,1
追剧,1
江湖,1
大盗,1
偷走,1
天上,1
影子,1
神颜,1
97,1
演,1
欢欢,1
萌化,1
三岁,1
小帅哥,1
逆天,1
关八,1
感大秀,1
直击,1
人心,1
带感,1
超爱,1
mama,1
亚洲,1
音乐盛典,1
几万人,1
场地,1
麦,1
live,1
抗打,1
超稳,1
任性,1
当不了,1
我太难,1
大连,1
心情,1
HONEYJACKSON852,1
日子,1
急需,1
续命,1
注射,1
剂,1
元气,1
弹,1
焦虑,1
顶得住,1
近距离,1
害羞,1
深情,1
能厥,1
天然,1
d,1
坏人,1
迎来,1
一名,1
呜太爱,1
六段,1
蒸煮,1
带飞,1
帅惨,1
先唠唠,1
家常,1
过个场,1
小帽,1
一带,1
火力,1
太会,1
运镜,1
手中,1
镜头感,1
超大,1
两场,1
routine,1
cypher,1
不遗余力,1
相当于,1
六轮,1
第二天,1
吊,1
难度,1
玩命,1
高负荷,1
出色,1
风度,1
每时,1
辞职,1
用到,1
英文单词,1
礼貌,1
嘉尔是,1
英语老师,1
细说,1
剧照,1
TIME,1
稍息,1
立正,1
stand,1
by,1
Show,1
精湛,1
笑容,1
脱相,1
不奶,1
一律,1
shi,1
酷酷,1
Waacking,1
镜面,1
分解,1
南京,1
LVictorH,1
IshowJazz,1
bgm,1
偶像剧,1
咕咕,1
修炼,1
Yale,1
咕,1
张艺兴莲,1
龙图腾,1
霸气,1
武器,1
1997,1
梁,1
非凡,1
意大利,1
炮,1
播报,1
Bullet,1
heart,1
BULLET,1
TO,1
THE,1
HEART,1
2000,1
大关,1
?,1
?,1
?,1
?,1
?,1
?,1
责任心,1
3battle,1
变,1
看布布,1
聊天,1
移开,1
目光,1
3v3,1
一套,1
同一天,1
绑,1
太不容易,1
发誓,1
再也,1
陈,1
不要脸,1
课堂,1
LLLLLwq,1
LDNnnn,1
减肥,1
立体,1
浓颜大,1
浓眉大眼,1
肤白,1
貌美,1
高贵,1
图一图,1
图三图,1
隔天,1
图五是,1
才录,1
腾讯,1
言论,1
莫名其妙,1
燃爆,1
平庸,1
诞生,1
名师,1
贵人相助,1
惺惺相惜,1
各有所长,1
2020,1
爆款,1
有料,1
半天,1
班,1
试图,1
娱六嫂,1
关联,1
关键词,1
来唱出,1
更正,1
9,1
应,1
略显,1
紧张,1
细心,1
网友,1
直呼,1
毕站,1
英国,1
事先,1
这位,1
上学,1
岁,1
国内,1
学过,1
大秀里,1
意思,1
队,1
随便,1
清唱,1
飘飘然,1
中午,1
同事,1
体会,1
从容,1
自信,1
经他,1
嗓子,1
传递,1
赋予,1
味道,1
贪心,1
发歌,1
语录,1
拼命,1
地去,1
N,1
xx,1
D,1
,1
731,1
梦到,1
小猪,1
絮叨,1
几年,1
Imma,1
unless,1
im,1
with,1
对队,1
730,1
多人,1
博点,1
赞,1
SuperELLE,1
踢,1
黄金,1
脆片,1
轴子,1
压制,1
撒撒,1
反复,1
王嘉尔去,1
离开,1
过王,1
顺便,1
张艺兴圈,1
得不到,1
视感,1
男朋友,1
少说,1
两句,1
几天,1
解析,1
多余,1
很强,1
四年,1
空空,1
单人,1
博给,1
内外,1
混剪,1
2019,1
求点,1
男粉,1
kp,1
截,1
女粉,1
男女老少,1
通吃,1
MOViN92,1
back,1
运用,1
静待,1
虾,1
宝,1
格蕾丝,1
字幕,1
睡衣,1
泰国,1
数码,1
电视台,1
trueID,1
超暖,1
超飒超,1
这句,1
自我介绍,1
嘉尔嘉尔大,1
笨蛋,1
下次,1
22,1
戒糖戒,1
奶白,1
按摩器,1
逗惹,1
臭屁,1
小孩,1
穿衣服,1
上衣,1
失踪,1
小子,1
森呐,1
看嘉尔,1
柔和,1
错觉,1
送分,1
