word,val
在一起,1297
评论,876
收藏,873
com,873
转发,872
https,872
weibo,872
refer,872
flag,872
1001030103,872
10,655
卫视,315
江苏,260
幸福,202
剧场,197
07,163
20,158
武汉,133
优酷,133
疫情,131
09,116
口罩,112
21,104
哭,99
02,99
01,98
抗疫,98
03,98
人数,98
超过,97
06,96
转赞,96
05,92
,86
邓伦,84
30,84
杨洋,83
真的,83
真实,82
15,82
19,81
今天,80
2106814244,77
13,70
致敬,67
医护人员,66
中,66
04,64
1575527140,64
18,63
英雄,63
雷,61
17,60
佳音,60
看到,60
方舱,60
22,59
单元,58
演员,58
12,57
影视,57
故事,56
小,55
小强,55
23,55
同行,54
11,52
感动,51
大连,50
14,49
太,49
宋,48
16,47
里,47
最,46
平凡,46
剧,46
想,46
梅,45
感谢,42
广东,41
00,40
1642904381,40
娱乐圈,40
知道,39
冯绍峰,38
外卖,37
电影,36
太好,36
院长,36
山,36
摆渡人,36
期间,35
24,35
一起,35
所有,35
08,35
时,35
医生,35
火神,35
中国,34
海清,34
医院,34
辜勇,34
爱,33
希望,33
患者,33
爱华,32
救护,32
倪妮,31
每个,31
瑜,31
小哥,30
黄景,30
导演,30
靳东,30
关注,29
加油,29
今晚,29
工作,29
铎,29
演技,28
李,28
O,27
喜欢,27
觉得,27
李沁,27
主任,26
朱亚文,26
胡,26
34,25
感觉,25
这部,25
传媒,24
45,24
一部,24
当时,24
36,24
时间,24
生命,24
儿子,24
耀客,23
拍,23
饰演,23
后,23
陈数,23
乐彬,23
温暖,22
3171929331,22
老板,22
生活,22
伟大,22
50,22
一直,22
集,22
28,21
V,21
赵今,21
恐惧,21
演,21
26,21
坚持,21
下,21
付出,21
医护,21
害怕,21
工作者,21
期待,21
病人,20
前,20
好看,20
已经,20
追剧,20
麦,20
面对,20
认真,20
剧集,20
抢救,20
朝阳,20
逆,20
行者,20
陈如,20
荣耀,19
吃,19
眼泪,19
奶奶,19
手写,19
时代,19
题材,19
最后,19
小时,19
心疼,19
35,19
纪录片,19
决定,19
😭,19
特别,18
影视剧,18
完,18
医疗队,18
宣言,18
再,18
经历,18
孙俪,18
41,18
25,18
最美,18
一定,18
情感,18
Johnny,18
2695071834,18
勇敢,18
一线,18
荣意,18
33,17
事,17
发现,17
一次,17
39,17
去世,17
31,17
情绪,17
播出,17
讲述,17
需要,17
帮,17
急先锋,17
1688891487,17
陆,17
分,17
发布,16
永远,16
两集,16
43,16
努力,16
音乐,16
这是,16
报告,16
47,16
终于,16
️,16
59,16
平凡人,16
40,16
32,16
事情,16
发生,16
情况,16
搜索,16
逆行,16
哥哥,16
一天,15
找,15
城市,15
37,15
感染,15
生产,15
55,15
最近,15
这场,15
剧情,15
挺身而出,15
选择,15
力量,15
第一,15
妈妈,15
值得,15
晚上,15
几个,15
北京,15
29,15
天然,15
告诉,15
53,15
崩溃,15
编剧,15
护士,15
57,14
56,14
抗击,14
54,14
58,14
感受,14
角色,14
心里,14
小女孩,14
42,14
拍摄,14
帅哥,14
还原,14
开播,14
孙佳雨,14
冻疮,14
心,13
压力,13
志愿者,13
学习,13
新冠,13
里面,13
angel,13
电视,13
有点,13
记得,13
本来,13
找到,13
一句,13
49,13
周周,13
徐璐,13
满满的,13
送,13
27,13
演绎,13
出现,13
菇,13
拐点,13
元气,13
李小冉,13
郭涛,13
膏,13
头条,12
文章,12
回家,12
国庆,12
热播,12
挺,12
推荐,12
假期,12
继续,12
人员,12
韩松,12
救人,12
带来,12
看着,12
离开,12
辛苦,12
44,12
问题,12
物资,12
2020,12
观众,12
每天,12
流泪,12
祖国,12
病患,12
在家,12
预告,12
战士,12
蒋,12
今年,12
配合,12
100,12
小陆,12
病毒,11
老师,11
肺炎,11
陪,11
容易,11
新剧,11
能够,11
防护服,11
房姐,11
正在,11
之后,11
韩,11
好好,11
片段,11
地方,11
小酷,11
作品,11
得知,11
家人,11
不够,11
台词,11
打动,11
内心,11
国家,11
特战,11
奋战,11
父亲,11
安慰,11
张天爱,11
安全,11
少年,11
冷风,11
张静初,11
一群,10
照顾,10
剧组,10
分钟,10
过去,10
买,10
活着,10
萱,10
熟悉,10
细节,10
真,10
担心,10
警察,10
只能,10
张嘉益,10
工作人员,10
实在,10
之前,10
感人,10
星,10
再次,10
出演,10
湖北,10
瞬间,10
48,10
支援,10
坚守,10
了解,10
不敢,10
一边,10
回来,10
改编,10
医务,10
云英,10
简艺行,10
PaNdA,10
大爷,10
上线,10
•,10
护士长,10
现实,10
日子,10
老太太,10
黎,10
好剧,9
目前,9
最终,9
人心,9
扮演,9
双节,9
追,9
走,9
普通人,9
这种,9
放弃,9
听,9
真是,9
想起,9
剪辑,9
51,9
昨天,9
「,9
」,9
太好了,9
46,9
世界,9
剧中,9
明天,9
家乡,9
这段,9
生日快乐,9
过程,9
默默,9
答应,9
一种,9
车,9
52,9
准备,9
朋友,9
突然,9
倔强,9
笑,9
重症,9
一点,9
小伙,9
进行,9
38,9
白衣天使,9
懂事,9
昨晚,9
纪念,9
军人,9
许,9
最好,9
职业,9
综艺,9
防疫,9
江灿,9
平小安,9
文静,9
表演,8
之下,8
眼睛,8
牛奶,8
小人物,8
张云龙,8
一些,8
美好,8
回忆,8
强大,8
难,8
王之耳东,8
5897998000,8
快递,8
使命,8
守护,8
K,8
回,8
多么,8
无法,8
过后,8
工作室,8
相信,8
人物,8
看看,8
点,8
LULU,8
笑脸,8
路,8
戳,8
跑,8
有人,8
年初,8
解决,8
点赞,8
爆发,8
拉,8
孩子,8
蒋欣,8
泪目,8
成为,8
隔离,8
身边,8
回到,8
紧张,8
天,8
原来,8
过来,8
精神,8
饰,8
开心,8
全国,8
可爱,8
人类,8
保护,8
老奶奶,8
普通,8
时刻,8
出院,8
快乐,8
1830679800,8
画面,8
到来,8
能力,8
蔡,8
晨曦,8
孤独症,8
令人,8
联播,8
师兄,8
帮助,7
寻找,7
正,7
行动,7
这座,7
合格,7
曾经,7
巨大,7
用心,7
🇨,7
🇳,7
岗位,7
逃离,7
邓伦演,7
遇到,7
工厂,7
两个,7
感触,7
站,7
房,7
支持,7
再演,7
来自,7
星星,7
住,7
新,7
第一集,7
这次,7
不错,7
过年,7
好多,7
日常,7
是因为,7
人性,7
感到,7
已,7
帮忙,7
悲伤,7
幕后,7
危难,7
时期,7
笑容,7
想到,7
小林,7
落泪,7
放,7
确诊,7
贡献,7
感恩,7
正式,7
泪点,7
生来,7
插曲,7
两天,7
雕牌,7
严重,7
6090897200,7
九楼,7
携手,7
意义,7
主演,7
不想,7
十分,7
娱乐,7
战胜,7
非典,7
鲜肉,7
男女,7
那段,7
防护,7
浙江,7
平平安安,7
阚清子,7
死,7
流调,7
想要,7
🐳,7
官方,6
无数,6
漫画,6
小剧场,6
不断,6
能量,6
朋友圈,6
责任,6
成功,6
死神,6
无助,6
刚刚,6
创造,6
国泰民安,6
宣传,6
更是,6
抗疫剧,6
得到,6
道,6
影响,6
夫妻,6
压抑,6
欢乐,6
善良,6
健康,6
上班,6
dl,6
打开,6
状态,6
眼神,6
酷狗,6
分享,6
片场,6
夺冠,6
儿,6
同事,6
cp,6
应该,6
原型,6
谢谢,6
我要,6
简单,6
征集,6
大赛,6
麻烦,6
庆生,6
工人,6
依旧,6
敬佩,6
忘记,6
表示,6
所有人,6
投入,6
母亲,6
家里,6
坚强,6
坚定,6
回答,6
主动,6
看剧,6
一年,6
忍不住,6
一个个,6
完全,6
愿意,6
特殊,6
长镜头,6
几天,6
鼓励,6
第一次,6
岁月,6
抢,6
榜,6
亲爱的自己,6
长安,6
区,6
死者,6
主要,6
70,6
表达,6
2232580615,6
事件,6
保持,6
记忆,6
越,6
男医,6
有时候,6
跳舞,6
家,6
蔡雨,6
一段,6
心情,6
前往,6
充满,6
任务,6
剧透,6
医务人员,6
第一线,6
耐心,6
前线,6
张粟,6
病房,6
东方,6
话,6
Crystal,6
参与,6
陆毅,6
动容,6
妻子,6
宝宝,6
一集,6
十个,6
一幕,6
🉑,6
涂,6
呈现,6
影视圈,6
娱闻,6
3102262687,6
村民,6
周笔畅,6
滚回来,6
小帅,6
郑爽,6
事务部,6
❗,6
影迷会,5
戏剧,5
黑暗,5
父母,5
痛哭,5
6183820645,5
老人,5
奇迹,5
平安,5
广告,5
戏,5
防控,5
封城,5
戴,5
样子,5
催泪,5
就要,5
反应,5
看见,5
最大,5
返回,5
危险,5
可乐,5
段,5
突如其来,5
吃饭,5
环境,5
结束,5
绿洲,5
张嘉译,5
照片,5
鸭,5
太棒了,5
真相,5
安利,5
turbosun,5
抹,5
以后,5
理解,5
重要,5
段时间,5
珍惜,5
平淡,5
身上,5
董璇,5
厂,5
做好,5
丈夫,5
做出,5
牺牲,5
完成,5
英树,5
回顾,5
整个,5
度过,5
幸运,5
展现,5
掉,5
一份,5
重新,5
真正,5
很大,5
黎建辉,5
十一,5
建设,5
姑娘,5
全部,5
生气,5
专业,5
紧缺,5
及时,5
也许,5
配音,5
棒,5
出门,5
回去,5
人格,5
直面,5
场景,5
艰难,5
133,5
魅力,5
以为,5
积极,5
乐观,5
接受,5
不用,5
鞠躬,5
视角,5
活力,5
战疫,5
节奏,5
看过,5
演戏,5
泪,5
还好,5
温柔,5
稀里哗啦,5
聪明,5
穿,5
手里,5
爸爸,5
长,5
留在,5
可惜,5
请,5
齐心协力,5
坐,5
带领,5
读书,5
远,5
女性,5
精彩,5
病区,5
春节,5
3911984649,5
救治,5
还要,5
关怀,5
养老院,5
问,5
剧照,5
5154249757,5
感叹,5
蔡子,5
少女,5
奔赴,5
好久没,5
晴,5
战场,5
张定宇,5
解放军,5
援鄂,5
表现,5
阳光,5
数据,5
谭卓,5
睡,5
调员,5
同学,5
一颗,5
流,5
上映,5
惊喜,5
苇青,5
方式,5
正是,5
董,5
科长,5
遗体,5
明星,5
700,5
人们,5
程俊,5
骨灰盒,5
常州,5
俞怀,5
wb,5
微,5
中秋,5
花絮,5
圈圈,5
朱一龙,5
前行,5
聚光,5
逞,5
朱俊麟,5
琉璃,5
小小的,4
最难,4
平衡,4
君子,4
间,4
不到,4
收官,4
对抗,4
目睹,4
跟着,4
国产,4
真心,4
重温,4
路上,4
未来,4
期,4
家园,4
mmc,4
任重,4
止不住,4
泪流满面,4
哪有什么,4
骄傲,4
突发,4
面前,4
成,4
来临,4
受,4
逃跑,4
第二,4
云,4
听到,4
热干面,4
柔软,4
生,4
庆幸,4
前面,4
更新,4
画出,4
直接,4
做到,4
尽力,4
总是,4
办法,4
宁波,4
资讯,4
到位,4
结局,4
比较,4
后面,4
❤,4
风雨,4
战役,4
璐,4
121,4
爬上来,4
不顾,4
加入,4
生日,4
摘下,4
记录,4
一条,4
转产,4
批文,4
房子,4
尽全力,4
60,4
熔喷布,4
更好,4
水,4
新闻,4
之间,4
日记,4
来说,4
苏州,4
师傅,4
来到,4
家庭,4
镜头,4
没想到,4
无奈,4
背后,4
陷入,4
TOP5,4
半是,4
逼,4
M,4
QQ,4
光芒,4
再见,4
女神,4
守护者,4
文案,4
最新,4
大爱,4
开头,4
山河,4
听说,4
105,4
传染,4
报,4
播放,4
爷爷,4
首播,4
厕所,4
Davinc,4
米兰达,4
2750887653,4
拼,4
自然,4
君,4
病床,4
贾乃亮,4
误入,4
外,4
暂停,4
一场,4
讲,4
心灵,4
坚守岗位,4
兄弟,4
明显,4
难过,4
一名,4
73,4
陪伴,4
贴心,4
爱情,4
颜知,4
群像,4
依然,4
纳爱斯,4
中午,4
安排,4
每一集,4
带给,4
103,4
不在,4
堵车,4
粉丝,4
手套,4
气,4
打电话,4
爹爹,4
一件,4
7346220742,4
肥宅水,4
提出,4
送给,4
不好,4
安抚,4
竭尽全力,4
原本,4
建立,4
无比,4
首批,4
TJ,4
魏景,4
6132329222,4
信仰,4
一分钟,4
困难,4
争分夺秒,4
感,4
体现,4
孙茜,4
关心,4
酷,4
特辑,4
周一围,4
群众,4
不放,4
開鯨魚,4
babe,4
想象,4
第二个,4
一口气,4
一種,4
带回去,4
余静,4
失败,4
患病,4
呼吸机,4
带回,4
好像,4
墨,4
NL,4
S90,4
我們,4
惊人,4
勇气,4
速度,4
一共,4
便是,4
8.5,4
煽情,4
传递,4
董克辉,4
於,4
异常,4
优秀,4
皇妃,4
残酷,4
半糖,4
轻熟,4
YiXiaoMan,4
｡,4
╥,4
大哭,4
X,4
刘敏涛,4
网页,4
链接,4
愿,4
离世,4
搜,4
微风,4
村长,4
新月,4
7153560150,4
爸妈,4
拼盘,4
神段,4
200,4
长安汽车,4
月光,4
照亮,4
顾,4
思思,4
喊话,4
完能,4
负重,4
换换,4
举动,4
饭爷,4
姐姐,4
0909,4
80,3
1663277382,3
克服,3
赶走,3
447,3
全,3
团结,3
67,3
花,3
几集,3
亦,3
三草,3
两木,3
沐,3
卿,3
hang,3
xing,3
钟南山,3
搬,3
我能,3
服装厂,3
质量,3
大部分,3
盖世英雄,3
种草,3
官,3
错,3
国人,3
深,3
早,3
城,3
下来,3
错误,3
现场,3
严格,3
一会儿,3
习惯,3
大侠,3
门,3
播,3
保洁员,3
遇见,3
在线,3
天津,3
小姑娘,3
爱心,3
活下去,3
着实,3
参加,3
练,3
字,3
画,3
画画,3
流程,3
DL,3
剧荒,3
平常,3
珍贵,3
歌曲,3
听听,3
楠楠,3
星空,3
6183821350,3
杨佳玲,3
超,3
好吃,3
牛,3
遗憾,3
头发,3
网友,3
有没有,3
蛋糕,3
一下子,3
没什么,3
追星,3
晚安,3
换,3
一家,3
春天,3
看得,3
真诚,3
依依,3
早上,3
不舍,3
娘娘,3
忍住,3
海报,3
团结一心,3
不出,3
姐,3
跪别,3
安危,3
奔波,3
捐,3
感慨,3
仿佛,3
赵丽颖为,3
过生日,3
赵丽颖,3
二叔,3
有太多,3
小鱼,3
亮,3
戴上,3
抵押,3
魄力,3
条件,3
灵活,3
告别,3
不知,3
归来,3
太忙,3
存在,3
认为,3
保剑锋,3
76,3
招,3
变成,3
滞留,3
群演,3
人手,3
片酬,3
熬夜,3
平时,3
联系,3
炸裂,3
大多数,3
伸出,3
援手,3
改变,3
直到,3
家属,3
明白,3
制作,3
气氛,3
全民,3
一辈子,3
不幸,3
牵挂,3
介绍,3
参演,3
这剧,3
心中,3
敬意,3
成长,3
抖音,3
回想,3
反对,3
负责,3
当初,3
严谨,3
厉害,3
不足,3
一口,3
曾,3
太暖心,3
遭遇,3
决心,3
蜜糖,3
官博,3
图,3
吕中,3
斯外戈,3
胜利,3
放在,3
万,3
心态,3
心怀,3
缩影,3
动作,3
重回,3
今日,3
历历在目,3
林,3
篇,3
一对,3
小朋友,3
有着,3
圈,3
开展,3
我俩,3
高铁,3
手,3
生动,3
无恙,3
接到,3
微信,3
更深,3
触动,3
恶劣,3
生死,3
喝,3
写,3
演得,3
月末,3
力,3
3199449791,3
刘琳,3
李百惠,3
解释,3
同志,3
心思,3
拥有,3
依据,3
第一部,3
毕业,3
温情,3
病倒,3
沈月,3
芒果,3
哈哈哈哈,3
老爷爷,3
泪崩,3
106,3
赢,3
身体,3
风,3
第一天,3
询问,3
不肯,3
纪实,3
情景,3
新星,3
v,3
计划,3
都市,3
检察,3
展示,3
汪俊,3
六六,3
思考,3
却是,3
无界,3
3218340852,3
神,3
神经病,3
救助,3
使用,3
完美,3
腾讯,3
圈粉,3
平民,3
滴汗,3
护目镜,3
影迷,3
共情,3
治疗,3
全员,3
情人节,3
派,3
初期,3
细心,3
泛黄,3
专业知识,3
郑,3
黄志忠,3
人间,3
正确,3
一度,3
纷纷,3
抱怨,3
倒下,3
最最,3
舒服,3
余生,3
前方,3
好人,3
唯一,3
120,3
这句,3
冲锋,3
歌,3
更能,3
主题,3
别摸,3
婴儿,3
肥,3
o,3
刚看,3
一幕幕,3
陈逸恒,3
狮,3
奉献,3
1302186735,3
驰援,3
战争,3
girl,3
崩,3
难忘,3
相互,3
张,3
菜,3
Nikita,3
1758610645,3
两位,3
庄诚,3
被子,3
人生,3
休息,3
创作,3
刘博,3
相遇,3
思念,3
重要性,3
糖,3
0624,3
疾控,3
采访,3
6077360996,3
白白的,3
汤汤水水,3
男神,3
2412104792,3
剧能,3
聊,3
毅然决然,3
星闻,3
骑车,3
岁,3
2164376267,3
疫,3
行走,3
男人,3
组成,3
🙏,3
呆,3
经验,3
我心,3
刻意,3
糟糕,3
朱宏嘉,3
崔绍涵,3
保障,3
活动,3
独居,3
喷,3
公开,3
创伤,3
电话,3
扁鹊,3
记忆力,3
志愿,3
等于,3
数,3
老董,3
集中,3
踩,3
脆弱,3
赵魏,3
余皑磊,3
纸,3
肯定,3
贞烈,3
女人,3
揣摩,3
猫,3
600,3
送药,3
社区,3
小伍,3
玖,3
演唱,3
十足,3
150,3
滕华涛,3
学校,3
娜,3
实录,3
检查,3
新浪,3
孙女,3
描绘,3
版图,3
拍戏,3
900,3
热,3
太累,3
撑住,3
伤心,3
救死扶伤,3
光合,3
积木,3
抵达,3
捐赠,3
全球,3
上海,3
骑,3
走廊,3
大喊,3
意味着,3
爸爸妈妈,3
谭,3
停,3
3986147355,3
骨灰,3
122,3
月饼,3
🥮,3
稥,3
去年,3
骂,3
差,3
一面,3
承受,3
超级,3
消毒水,3
王,3
嵛,3
YZ,3
高璇,3
任宝茹,3
那一刻,3
大义,3
TME,3
⃣,3
聚集,3
没错,3
接送,3
汇成,3
徐可,3
乐工,3
同城,3
梅婷,3
🍡,3
几次,3
拽,3
同步,3
张萌,3
咪咕,3
璇玑,3
牵动,2
悉心,2
热量,2
千人一面,2
430,2
2276,2
2453,2
1018,2
6523,2
众人,2
6042105302,2
于途,2
烟雨,2
hongying,2
游戏,2
没看,2
季,2
我为,2
拼过,2
命,2
我见,2
夜,2
活过来,2
7246768066,2
饭,2
辞职,2
员工,2
下定决心,2
只身,2
何蓝,2
想法,2
有限,2
很多很多,2
扮演者,2
剧里,2
涂松岩,2
南京,2
墩,2
情怀,2
身临其境,2
年代,2
y,2
强,2
清赏,2
Robertyan,2
印记,2
韩昊霖,2
忻州,2
2884043854,2
李谨,2
代入,2
复苏,2
院士,2
银幕,2
街道,2
困境,2
转型,2
资金,2
缺一不可,2
个别,2
老爷,2
丑帅,2
减肥,2
猪头,2
国庆节,2
危机,2
增长,2
搞,2
人心惶惶,2
思维,2
范添鹤,2
剩,2
感想,2
此剧,2
借着,2
消毒,2
1868116492,2
惹,2
逞能,2
第三,2
返途,2
第四,2
第五,2
侦探,2
第六,2
舍得,2
大叔,2
香香,2
汉阳,2
花园,2
这集,2
写实,2
爱豆,2
最热,2
大全,2
面临,2
Vanessa,2
共享,2
片源,2
s,2
少,2
女孩子,2
婚礼,2
爱伦,2
秀,2
穿着,2
功底,2
米奇,2
比心,2
太原,2
地区,2
敏,2
一辆车,2
远方,2
阿燕,2
7758258,2
拼搏,2
向上,2
奔跑,2
5743366126,2
动态,2
★,2
信念,2
需,2
边上,2
下午,2
这下,2
做梦,2
芈,2
秦王,2
ChiaLing,2
3954305636,2
印象,2
不愧,2
天气,2
冷,2
啵,2
✨,2
大哥,2
黄,2
背影,2
第九集,2
成年人,2
烦恼,2
神仙,2
下班,2
蛋炒饭,2
倒闭,2
小吃,2
每次,2
成都,2
收看,2
泪水,2
服务,2
有种,2
梓,2
隔壁,2
鱼,2
先生,2
过瘾,2
殿下,2
102,2
3172884787,2
读,2
一卷,2
书行,2
一里,2
直,2
戏里,2
非专业,2
选手,2
诶,2
四处,2
回想起来,2
算,2
平日,2
般,2
三个,2
祝福,2
96,2
年底,2
接近,2
高大,2
专业户,2
王曼丽,2
申请,2
欣赏,2
达标,2
尽心,2
尽责,2
感染力,2
人物形象,2
真挚,2
妙脆,2
脚,2
下车,2
无畏,2
任性,2
1916296631,2
心想,2
抚养权,2
毅然决定,2
开车,2
出行,2
一大,2
聪慧,2
停工,2
影视城,2
矜持,2
挺火,2
顾客,2
截图,2
告,2
揪心,2
难受,2
街景,2
几条,2
无,2
哥,2
未婚妻,2
失联,2
从前,2
增加,2
隔阂,2
难以,2
难以忘怀,2
认识,2
想着,2
绵羊,2
停下,2
打转,2
那种,2
真人真事,2
长假,2
看电视,2
礼物,2
777,2
女朋友,2
仔,2
打算,2
专家,2
潘伟宁,2
地盘,2
朋,2
差别,2
1509605155,2
刻画,2
事迹,2
醒来,2
时光,2
小房,2
如初,2
机会,2
闺蜜,2
沈团,2
2780712844,2
许多,2
知名,2
义工,2
满满,2
预想,2
深深,2
自责,2
5406006781,2
设备,2
这份,2
曼丽,2
2020.10,2
打榜,2
伤,2
诺,2
邓,2
喊,2
说服,2
拿下,2
为难,2
天浩,2
精湛,2
吕,2
伍嘉成,2
失眠,2
倪秀雯,2
虾,2
同庆,2
八方支援,2
汪可,2
种种,2
一员,2
花丛,2
干死,2
怕死,2
6379772568,2
秦皇岛,2
东兴,2
蒸紫薯,2
忘,2
先,2
青岛,2
转变,2
老妈,2
ok,2
导致,2
装备,2
缺乏,2
改建,2
生产线,2
企业,2
天台,2
查看,2
咩,2
妖,2
call,2
祝,2
饭圈,2
杠,2
精王,2
铁锤,2
收到,2
鲜花,2
意外,2
唤起,2
116,2
内线,2
1258332915,2
不易,2
早操,2
一项,2
争,2
爆,2
👍,2
🏻,2
玩,2
男朋友,2
拿出,2
手机,2
代表,2
90,2
共同,2
无私奉献,2
无措,2
相同,2
真实情况,2
冬天,2
阴霾,2
洗净,2
铅华,2
日暮,2
天涯,2
每晚,2
学着,2
目前为止,2
紧凑,2
雷震宇,2
昨,2
碰到,2
连夜,2
📺,2
急诊科,2
沈阳,2
焦虑症,2
神经,2
十一年,2
衣服,2
治病救人,2
传来,2
东西,2
中有,2
义无反顾,2
白衣,2
赴,2
各地,2
医疗,2
闻令,2
而动,2
多余,2
连续,2
194,2
倒计时,2
紫馨,2
yl,2
一杯,2
奶茶,2
睡不着,2
觉,2
大半夜,2
老婆,2
制片,2
当兵,2
捕捉,2
一只,2
车水马龙,2
早日,2
激动,2
楼下,2
治愈,2
董洁,2
姜超,2
李大嘴,2
打不死,2
英勇无畏,2
看出,2
受到,2
呈现出,2
哞,2
似乎,2
浮现,2
谋生,2
提醒,2
猪,2
发布会,2
现身,2
天天,2
不行,2
剧本,2
真切,2
过度,2
没事,2
135,2
哭泣,2
75,2
短,2
樱花,2
病情,2
加重,2
度过难关,2
病魔,2
团子,2
221,2
加个,2
哈哈哈,2
无情,2
战斗,2
教,2
拦,2
力所能及,2
输,2
大夫,2
热心,2
分别,2
抓,2
默契,2
死亡,2
专场,2
形象,2
ICU,2
一路,2
救援,2
看似,2
5189718491,2
雨,2
状况,2
奇妙,2
车厢,2
咖啡,2
人世,2
肥宅,2
邓论,2
乔见,2
沁,2
凉,2
开,2
景荣,2
0563,2
长沙,2
武汉市,2
严峻,2
形势,2
兰州,2
走出,2
回不去,2
安哥,2
真事,2
上午,2
最高,2
首部,2
爆哭,2
91,2
丰富,2
克制,2
内敛,2
上越,2
波澜,2
古装剧,2
杨桃,2
love,2
香蕉,2
体会,2
美丽,2
高速,2
午饭,2
沉浸,2
放松,2
进门,2
外出,2
观剧,2
254,2
清儿,2
女兵,2
路遇,2
被困,2
带队,2
徒步,2
春暖花开,2
医典,2
之声,2
最早,2
粉,2
网络,2
语言,2
团,2
部长,2
领导,2
6463274146,2
感性,2
动画片,2
小猪,2
旅行,2
金鱼,2
金金,2
说话,2
对话,2
响起,2
倒,2
若华玖玖,2
F,2
1099472377,2
大寸哥,2
名字,2
西华,2
大学,2
分配,2
楼,2
退缩,2
暖心,2
早就,2
这么久,2
驻守,2
一旁,2
女,2
和解,2
亲人,2
关爱,2
辜负,2
好意,2
学徒,2
王自健,2
接,2
114,2
女护士,2
开玩笑,2
单身,2
狗,2
机械,2
图鉴,2
艰苦,2
躁动不安,2
发表,2
讲话,2
保证,2
解决问题,2
认真负责,2
6605860096,2
事儿,2
心愿,2
底线,2
铭记,2
发了,2
第一波,2
时尚,2
多大,2
见证,2
俱乐部,2
认知,2
失控,2
出面,2
缓解,2
局面,2
抚慰,2
霸气,2
请求,2
调,2
震撼,2
扒,2
小孩,2
谢谢你们,2
主题曲,2
实际上,2
坚决,2
忠于,2
崇尚,2
光荣,2
临危不惧,2
直击,2
传承,2
伴,2
哒,2
改名,2
上半年,2
闲,2
一串,2
北,2
美馨杰,2
医者,2
全力以赴,2
3962404512,2
1779837945,2
金银,2
潭,2
医院院长,2
足够,2
海军,2
军医,2
刘远,2
接触,2
插管,2
痰,2
液,2
风险,2
下降,2
有序,2
进村,2
大刀,2
村口,2
独孤,2
策,2
记忆里,2
感同身受,2
形式,2
确实,2
没变,2
整体,2
赛跑,2
104,2
250,2
必看,2
排名,2
决战,2
场面,2
不带,2
阿尔兹,2
海默症,2
留下,2
公铭,2
伽亮,2
收治,2
名新冠,2
后援会,2
相比,2
5519976878,2
cut,2
副,2
聚,2
不酷,2
3190761462,2
声音,2
好评,2
包括,2
买不到,2
失望,2
将会,2
锁定,2
上面,2
拍得,2
加工,2
退伍军人,2
138,2
襄阳,2
老爸,2
买个,2
收获,2
吃火锅,2
电驴,2
讓,2
以前,2
措施,2
务必,2
战友,2
抛弃,2
心与心,2
抗拒,2
团聚,2
悲观,2
急需,2
反复,2
叮嘱,2
知识,2
5435907420,2
顽强,2
重,2
难度,2
太敢,2
声嘶力竭,2
歌颂,2
张韶涵,2
除菌,2
社会,2
非凡,2
合肥,2
兰氏,2
西雅,2
第五集,2
117,2
出奇,2
视觉,2
灵魂,2
忙碌,2
技术,2
证明,2
荷尔蒙,2
到心,2
面皮,2
肌肉,2
发达,2
软弱,2
病患者,2
倾听,2
极有,2
用户,2
上瘾,2
豆豆,2
艰辛,2
太多,2
流调员,2
6203401321,2
近期,2
剧迷,2
联盟,2
慢慢,2
猹,2
一波,2
结尾,2
胯,2
糟蹋,2
很深,2
小祝祝姐,2
束手无策,2
晞,2
这群,2
124,2
缜密,2
很强,2
朱喜翔,2
保健品,2
消息,2
长春,2
认,2
推销员,2
干儿子,2
卖,2
号,2
信息,2
好好看,2
139,2
原因,2
调查,2
严重性,2
操作,2
佩服,2
患有,2
轨迹,2
条,2
医术,2
故名,2
投,2
综剧,2
早报,2
误会,2
骗子,2
行人,2
2793644737,2
些,2
每位,2
天使,2
空间,2
对比,2
双双,2
父母双亡,2
学业,2
报考,2
预防,2
医学专业,2
要求,2
疾控中心,2
赶紧,2
7362998615,2
咯,2
131,2
我怕,2
我会,2
3369278302,2
二十多年,2
会上,2
对菁荟,2
商场,2
谢怜,2
二舅妈,2
破坏,2
冲突点,2
效果,2
画蛇添足,2
原汁原味,2
5194330697,2
一生,2
警,2
从警,2
super,2
肉牛,2
满面,2
平平淡淡,2
一到,2
总有,2
闪光,2
今年年初,2
核酸,2
嗓子,2
快结,2
7222806567,2
变得,2
点燃,2
曲栅栅,2
尹,2
昉,2
InFun,2
5975021893,2
四分之三,2
八集,2
第八集,2
十二,2
́,2
̀,2
ω,2
3199596875,2
多一点,2
低,2
人要,2
多备些,2
特,2
6135782713,2
300,2
近乎,2
321,2
疼,2
硝烟,2
向前,2
走进,2
566,2
敬请,2
救援队,2
树,2
解剖,2
坐在,2
呼吸,2
大年三十,2
网抑,2
磊,2
下去,2
阿姨,2
刻,2
曲,2
团伍,2
嘉成,2
TV,2
咪,2
无名,2
93,2
睁眼,2
太牛,2
裹尸,2
袋,2
......,2
档,2
不停,2
四个,2
放假,2
第三集,2
沁入,2
指导,2
210,2
5621406687,2
献唱,2
急救,2
全院,2
小朱,2
剧以,2
敬畏,2
剧探,2
没关系,2
1800,2
荧屏,2
同心,2
挑战,2
214,2
二人,2
小雨,2
早已,2
灾难,2
一台,2
零件,2
羊肉,2
泡馍,2
终会,2
彩虹,2
🌈,2
讨论,2
无聊,2
干,2
件,2
全是,2
汤臣,2
倍,2
健,2
是从,2
播到,2
恋恋,2
口条,2
紧急,2
目光,2
搞笑,2
意识,2
梦念人,2
八卦,2
依靠,2
林强,2
我本,2
抽象,2
119,2
火车站,2
汽车,2
骑车去,2
心念,2
同样,2
哇塞,2
行程,2
片,2
热剧库,2
广播,2
电视台,2
无悔,2
走过,2
扒料,2
叔,2
人满为患,2
此刻,2
随时,2
油桃,2
松林,2
柳,2
小可,2
夫妇,2
129,2
就让,2
艺术,2
囧,2
途,2
1061,2
剧综汇,2
包,2
饺子,2
毅力,2
失去,2
剧会,2
赞,2
太不容易,2
年纪,2
鸡皮疙瘩,2
停不下来,2
1000,2
餐,2
98,2
杨洋乐彬,2
乐,2
博,2
看热,2
林妍,2
心脏病,2
程俊因,2
忙于,2
见到,2
交给,2
含泪,2
抱紧,2
坐地,2
怎能不,2
钦佩,2
风格,2
放出,2
豆瓣,2
平台,2
咸阳,2
方法,2
敬业,2
媒体,2
赵又廷,2
白敬亭,2
刘诗诗,2
父女,2
起名,2
纪述,2
这件,2
初心,2
歇斯底里,2
6342267609,2
淋漓尽致,2
长发,2
白色,2
夜班,2
时隔,2
发,2
主,2
松懈,2
援,2
鄂,2
85,2
上市,2
何寧,2
小黑,2
永不,2
生來,2
倔強,2
植物,2
1600,2
1200,2
往往,2
剪短,2
一次次,2
5821425979,2
小义,2
大海,2
春风,2
找回,2
眼波,2
拥抱,2
微光,2
夜晚,2
身为,2
同意,2
安康,2
送上,2
演出,2
担忧,2
兰西,2
雅,2
阿Q,2
年夜饭,2
染病,2
无能为力,2
静好,2
小安,2
百感交集,2
说出,2
心声,2
曉,2
真好,2
怀着,2
人口,2
正版,2
我家,2
容景,2
最爱云,2
浅,2
裹紧,2
点滴,2
整座,2
72,2
委屈,2
善意,2
总,2
国旗,2
81,2
昵称,2
占用,2
星河,2
209,2
两次,2
想想,2
运转,2
以外,2
微小,2
顾及,2
搬到,2
赶去,2
1850685173,2
孝敬父母,2
期盼,2
110,2
路见不平,2
拔刀相助,2
上下班,2
博里,2
娘道,2
爱国,2
安心,2
热榜,2
花开,2
杨,2
壮举,2
粑,2
沒,2
痘,2
花胖,2
不难,2
药品,2
众志成城,2
美人颜,2
baby,2
毒舌,2
馆长,2
7437174115,2
魔女,2
璀璨,2
记住,2
精选,2
溜达,2
5842362793,2
解救,2
定档,2
小羊,2
安,2
出征,2
父子兵,2
曲少石,2
420,2
看一看,2
🌸,2
🌷,2
司凤,2
爱过,2
信任,2
伤害,2
对方,2
卷,2
灌篮,2
rs,2
窝,2
cue,2
合作,2
user,1
content,1
collect,1
forward,1
comment,1
like,1
userUrl,1
秒,1
齐喊,1
泪奔,1
阿杨洋,1
你好,1
3310465334,1
互动,1
演员阵容,1
超强,1
3123709080,1
昧,1
礼,1
直播,1
吸引,1
大结局,1
彻底,1
3622682195,1
南寻北,1
觅,1
开学,1
晋享,1
光盘,1
那点,1
邓超,1
晋中,1
5047432296,1
累,1
犯险,1
排除万难,1
357DK,1
逗观,1
文采,1
谅解,1
中心,1
居民,1
做过,1
带走,1
感染者,1
可怕,1
第二集,1
面孔,1
5343095797,1
锹,1
夺,1
天工,1
杨大眼,1
5788727977,1
星期二,1
小妖,1
算是,1
精品,1
海外,1
版权,1
HBO,1
3229887505,1
太费,1
受不了,1
206,1
1249298075,1
建邺,1
播报,1
2674743721,1
2691798325,1
王梓,1
2100857151,1
番茄,1
年糕,1
酱,1
亮点,1
插播,1
实力,1
越来越,1
嘿哈,1
哈尔滨,1
新天地,1
7309725697,1
Finn,1
没法,1
感太强,1
5820023984,1
当机立断,1
一夜,1
大江,1
大河,1
无人,1
烟,1
飞机,1
轮船,1
公交,1
全无,1
3236404014,1
将来,1
木木,1
熊小叙,1
1910227262,1
李正曦,1
Sissi,1
尬,1
勾起,1
1322308864,1
高分,1
6224258797,1
性格,1
直来直去,1
打篮球,1
强推,1
中华民族,1
遵义,1
仡佬族,1
苗族,1
自治县,1
6413306268,1
小姜,1
成肿,1
🐷,1
5681641584,1
桃李,1
晚夏,1
six,1
5337227817,1
UFOtime,1
出远门,1
应对,1
迟钝,1
价格,1
几十倍,1
核战,1
灰飞烟灭,1
挖洞,1
广积粮,1
战略防御,1
丢,1
脑后,1
集体,1
生产队,1
防空洞,1
进个,1
老鼠洞,1
日本,1
1663839772,1
沾,1
地气,1
预警,1
挣点,1
钱,1
拒人千里,1
亲戚,1
乡邻,1
刚到,1
挑剔,1
亲近,1
使点,1
性子,1
5122519594,1
Malabare,1
第七,1
第八,1
第九,1
1965281321,1
FF,1
1694896410,1
消失,1
爱会变,1
冯翔,1
网易,1
在播,1
首歌,1
普普通通,1
好心,1
有心,1
7504711317,1
触及,1
6163908323,1
小妞,1
哆,1
5943384127,1
保洁,1
保安人员,1
吓跑,1
退堂鼓,1
人顶,1
5348345185,1
利益,1
筑起,1
防线,1
四海,1
八方,1
王玥然,1
欠火候,1
1530164261,1
刘,1
测量,1
村里,1
体温,1
5731490506,1
轻舟,1
醉梦,1
好时节,1
1080P,1
硬字,1
抽空,1
粗剪,1
无字,1
等播,1
画质,1
附图,1
链,1
pan,1
baidu,1
1bU0Q3,1
x1T1ZWw6WoV59REw,1
码,1
n18d,1
1582831792,1
偷开,1
小号,1
大妹,1
起床,1
全家福,1
温婉,1
男孩子,1
见得,1
聊得,1
展览,1
史努比,1
小时候,1
久违,1
为名,1
实则,1
初中,1
同学聚会,1
竖比,1
横难,1
1264675103,1
萍姐,1
1021,1
74,1
6617196206,1
一枝,1
d,1
喜爱,1
1721151344,1
李映,1
红,1
颇深,1
言语,1
同舟共济,1
无限,1
1652850653,1
转行,1
搭档,1
开发区,1
管委会,1
控,1
给予,1
江浙沪,1
营商,1
真实写照,1
东北,1
西部,1
政府部门,1
3859573690,1
小心,1
6611252102,1
热线,1
街头,1
6487288038,1
俏皮,1
宝贝,1
521,1
档期,1
慌乱,1
1790155747,1
彭坦,1
停歇,1
逆风,1
勇往直前,1
珍儿,1
abby,1
不期而遇,1
坚定不移,1
3235332282,1
李阿楠,1
飞哥,1
地上,1
两瓶,1
酒,1
走到,1
旭哥,1
震博晓凡,1
5209150902,1
絮雨,1
拯救,1
义不容辞,1
6527051422,1
好感,1
分饰,1
众角,1
H,1
动情,1
放下,1
黄歇,1
5081550040,1
嘉益,1
尸体,1
sone,1
妹纸,1
深刻,1
弟气,1
打人,1
牙酸,1
碗,1
冬阴功,1
叻,1
沙,1
耳朵,1
牙齿,1
没多大,1
意思,1
慕名,1
巩皇,1
皇,1
秋天,1
大业,1
2398108173,1
酒酿,1
蜜桃,1
兔,1
Plog03,1
📷,1
这周,1
没攒上,1
☹,1
Kfc,1
☁,1
蛋挞,1
川辣卷,1
嫩,1
五方,1
🐱,1
🍋,1
杯杯,1
岸,1
流心,1
巧克力,1
咸蛋,1
🍞,1
抽抽,1
2298948945,1
浪漫,1
见面礼,1
3335740192,1
故人,1
DT,1
稀里糊涂,1
中来,1
5648584522,1
台前幕后,1
沈芷凝,1
董津玮,1
问问,1
广大,1
面包,1
牌子,1
奶油,1
夹心,1
复兴路,1
61,1
号院,1
1669727243,1
snow,1
涌上来,1
啥子,1
5110864848,1
青年,1
继,1
安家,1
还怪,1
1757014065,1
Visual,1
中二,1
哭过,1
打打,1
郑乃馨,1
2792141151,1
Luirty,1
天煞孤星,1
两对,1
演了,1
分手,1
对象,1
港式,1
狂点,1
鼓楼,1
文和友,1
臭豆腐,1
必点,1
疯狂,1
3672212424,1
共青团,1
1294,1
2044263792,1
野百合,1
398,1
3815250893,1
天空,1
哗哗,1
憾动,1
1703534473,1
出片,1
吃了饭,1
强制,1
睡觉,1
济源,1
2968010123,1
完结,1
海清姐,1
对手戏,1
p,1
沁沁,1
2694566503,1
6452323095,1
Gg,1
青,1
冘,1
迎难而上,1
5706661693,1
俪,1
看一遍,1
转身,1
剧都,1
眼圈,1
一红,1
惨,1
一切都在,1
2316083463,1
全国上下,1
厂子,1
临时,1
大军,1
....,1
2912095303,1
Lulu,1
lu,1
ul,1
6325720408,1
YRT,1
茶控,1
阳历,1
阴历,1
如同,1
特别之处,1
小家伙,1
为之动容,1
领悟,1
轻易,1
忘掉,1
3496559383,1
赵,1
小刀,1
叨叨,1
6605420814,1
世晔,1
1272805892,1
石,1
小川,1
折射,1
高温,1
保持良好,1
2828283352,1
太湖,1
1410128417,1
欢喜,1
珠宝,1
七月,1
竹内,1
更多人,1
快到,1
顽,1
3185782490,1
尾声,1
再现,1
个体老板,1
心路历程,1
信服,1
88,1
禁染,1
觉醒,1
试金石,1
塑造出,1
6249584718,1
要和梅,1
流着泪,1
年迈,1
放心,1
操心,1
有妈,1
跪拜,1
这一去,1
归期,1
佩儿,1
开好,1
通行证,1
送回,1
仙桃市,1
惊讶,1
不要命,1
2233879571,1
安全隐患,1
女儿,1
曹,1
正义,1
舍小家,1
无菌,1
车间,1
打扫,1
限制,1
难题,1
大量,1
群众演员,1
机智,1
顺顺利利,1
璇,1
5241522902,1
咖,1
0710,1
剧看,1
5729534633,1
上学,1
算下来,1
五年,1
有多强,1
说不上来,1
景点,1
繁华,1
熙熙攘攘,1
步行街,1
唏嘘,1
216,1
5079792230,1
河北,1
称赞,1
3236242114,1
踏,1
翩翩,1
结婚,1
十万,1
厂里,1
屏障,1
隐藏,1
从来不,1
人情,1
2338996322,1
onlyown,1
5861475276,1
为止,1
头回,1
鼓掌,1
杀虎,1
屠龙,1
305,1
10.7,1
冲动,1
老一辈,1
所处,1
言喻,1
潮流,1
互不,1
相识,1
依旧会,1
1952957160,1
肾病,1
张垒,1
问梅,1
观念,1
赚钱,1
眼里,1
商机,1
1965508727,1
潜伏,1
乡,1
好不容易,1
3820115776,1
手贱点,1
看不下去,1
忘怀,1
提起,1
法网,1
NBA,1
连云港,1
娱是乎,1
赵工,1
146,1
132,1
2105251890,1
有惊无险,1
转危为安,1
乐汐,1
阿猪,1
6677422773,1
两日,1
李沁因,1
伪素,1
颜妆,1
批,1
妆容,1
气色,1
嘴巴,1
部分,1
淡淡的,1
红唇,1
服务区,1
带回家,1
喜出望外,1
编导,1
戏剧性,1
纪实性,1
结合,1
一味,1
地伟光,1
能共情,1
增添,1
趁此,1
人心所向,1
1931724217,1
一下子把,1
那会,1
病历,1
难熬,1
拉货,1
争夺,1
8KRAW,1
杨柯,1
被梅,1
机器,1
磨合,1
5413207523,1
航拍,1
浪,1
摄流,1
Studio,1
中国地质大学,1
东区,1
肖,1
技术难题,1
耿耿于怀,1
3879917540,1
费纸,1
第一批,1
送检,1
把关,1
1586874147,1
扛起,1
苦难,1
重担,1
会静,1
安谧,1
冤冤相报,1
心存,1
报仇,1
到手,1
机,1
涨价,1
庄重,1
000,1
001,1
99,1
92,1
1349,1
群演们,1
厂当,1
誓言,1
诉说,1
296,1
17749,1
猩猩,1
4444,1
转厂,1
但梅,1
5178189270,1
昨日,1
日榜,1
成绩,1
官微,1
网剧,1
待播,1
童鞋,1
灯芯,1
6578583886,1
炸鸡,1
哲学家,1
呜呜,1
扩关,1
再加,1
毒唯,1
6522471756,1
先订,1
施小计,1
韩老板,1
搏,1
一搏,1
打个,1
翻身仗,1
发不出,1
工资,1
上门,1
要债,1
处境,1
债,1
艺术家,1
走向,1
共和,1
慈禧太后,1
神探,1
狄仁杰,1
武则天,1
红楼梦,1
贾母,1
中演,1
LM,1
5478873116,1
Only,1
WuJinru,1
不计,1
名利,1
不计后果,1
尺度,1
放到,1
5032858724,1
睡前,1
罢,1
辽,1
无敌,1
爆炸,1
5326295084,1
人高马大,1
欺负,1
景瑜,1
1864971552,1
睁一只眼,1
刚哥,1
王一博,1
摔车,1
封城时,1
3269124547,1
一方有难,1
1820745800,1
莯,1
zyl,1
抢到,1
第二批,1
5124751795,1
同生共死,1
相拥,1
笑靥,1
如花,1
娱有剧,1
分到,1
看护,1
刚入,1
职,1
吐,1
一身,1
血,1
殡仪,1
拉走,1
打消,1
保卫战,1
1644037223,1
拦截,1
一番话,1
醒悟,1
Gus,1
古斯塔,1
沃,1
5377112139,1
烧干,1
蒸后,1
烤,1
蒸锅,1
受苦,1
蹲,1
路边,1
啃,1
馒头,1
无声,1
取悦,1
云朗,1
化身,1
6664832896,1
离汉,1
通道,1
封锁,1
Teth47,1
盗墓,1
笔记,1
老姐,1
过敏,1
2827819410,1
女老板,1
获悉,1
受新冠,1
持续,1
企业家,1
吃瓜,1
老衲,1
爬,1
抓猫,1
2016483877,1
小小,1
准时,1
守候,1
1007,1
图片,1
2142085763,1
酒酒,1
好想哭,1
往事,1
安好,1
永固,1
3893700374,1
Sunny,1
公子,1
熠,1
不爱大,1
新戏,1
6046563539,1
针织厂,1
幸福美满,1
154,1
5289724968,1
佳,1
xxxF,1
汪,1
5204374841,1
动人,1
951,1
5994688849,1
合集,1
露出,1
珍藏,1
榜单,1
发病,1
病重,1
亡故,1
踏入,1
踏足,1
隔离区,1
面罩,1
隔绝,1
得病,1
能治好,1
内心深处,1
193,1
596,1
2942774022,1
Vi,1
草,1
有所,1
局限于,1
护理,1
文娱活动,1
图书,1
一角,1
1725632472,1
真真是,1
1799481211,1
静,1
写错,1
写成,1
右边,1
常见字,1
后期制作,1
审核,1
纯素颜,1
6301734520,1
迪士尼,1
累且,1
人民币,1
魔力,1
一趟,1
入座,1
伸,1
只手,1
牵,1
422,1
少有,1
199108,1
抗疫者,1
7307368628,1
521Z,1
5850879749,1
椰油,1
香喷喷,1
那条,1
遮住,1
脸,1
顿,1
回报,1
我演,1
ps,1
邓伦腿,1
好长,1
3805557630,1
Sssssssssddd,1
十二月,1
底,1
灰蒙,1
阴冷,1
笼罩,1
一层,1
事实上,1
1799614193,1
YAYAL1214,1
2551791400,1
峰哥,1
眼眶里,1
流下来,1
3217813224,1
邓伦所,1
脱下,1
制止,1
样站,1
尿裤子,1
好笑,1
宁波市,1
亏损,1
感怀,1
严峻形势,1
下决心,1
取得成功,1
青辞,1
summer,1
5780588161,1
赞不绝口,1
颜值,1
高,1
劲儿,1
小海豚,1
头,1
5645460730,1
BuTTerfly,1
o0,1
风风雨雨,1
平分,1
5642975912,1
阿牛,1
栗子,1
踢球,1
手指头,1
肿成,1
柱子,1
无语,1
czy,1
🏥,1
大碍,1
淤青散,1
半个,1
✋,1
训练,1
肉,1
新开,1
这家,1
挂件,1
hospital,1
门口,1
🚑,1
闪着,1
灯,1
3888406056,1
祝穎馥,1
2837890711,1
沈北,1
公安,1
犯,1
无常,1
又触,1
小拇指,1
发麻,1
情绪低落,1
共存,1
放过,1
2055196245,1
垂耳兔,1
6365692019,1
zuiaixuezhiqian,1
身,1
前辈,1
Lzuiaixuezhiqian,1
5359060939,1
岚蕾,1
欣萌,1
宠,1
秦岚,1
小姐姐,1
5741524887,1
郑州大学,1
新传,1
学生会,1
小传,1
近日,1
火热,1
单元式,1
叙事,1
军民,1
人和事,1
建起,1
一座,1
长城,1
万里,1
戎机,1
队员,1
秉承,1
革命军人,1
优良传统,1
誓死,1
2538488230,1
胡文耀,1
7214816813,1
多鱼,1
早安,1
签到,1
亮哥,1
3293895185,1
昨天晚上,1
死活,1
名长,1
有点像,1
井柏然,1
6627547484,1
带病毒,1
连累,1
白日梦,1
This,1
is,1
Love,1
太久,1
恩爱,1
洗澡,1
3225961555,1
不听话,1
econ1113,1
马路,1
狂奔,1
眼含,1
热泪,1
7028144742,1
Lynn,1
如梦,1
珍存,1
2449190952,1
聪儿,1
0320,1
彭三源,1
递进,1
导得,1
2566467167,1
伟敏要,1
陈,1
大末,1
末,1
YMC,1
末末,1
3903671401,1
续鹏媛,1
难免会,1
只想,1
5734602864,1
奶萌,1
甜橙,1
衷心希望,1
配图,1
前一晚,1
汉口,1
巷子,1
5524164279,1
阿柔,1
i,1
太阳,1
思亦,1
2033374601,1
佳依,1
Y,1
啰,1
哩哩啰啰,1
嗦,1
凶猛,1
新增,1
病例,1
国外,1
死去,1
搭建,1
等等等等,1
喉咙,1
冒烟,1
嫂嫂,1
走上,1
5687576449,1
2714241245,1
无所不能,1
实践,1
连地,1
拖,1
大有人在,1
极差,1
作用,1
微薄,1
十几个,1
湿疹,1
英勇,1
赵达,1
抢回,1
2014dreamsforlife,1
开导,1
留下来,1
汉子,1
1567273717,1
噶聊菌,1
谈到,1
本片,1
情境,1
细致,1
优质,1
6421122556,1
财小,1
5578663596,1
近些年,1
追看,1
乡音,1
大专,1
小镇,1
一个月,1
背着,1
一床,1
棉被,1
两百元,1
驻汉办,1
堂兄,1
宿舍,1
几晚,1
盛太多,1
219,1
433,1
养,1
丸子,1
可谓,1
大剧,1
2738917821,1
琥珀,1
之庄,1
老实,1
艺术作品,1
角度看,1
卖力,1
一塌糊涂,1
删,1
删减,1
减,1
东拼西凑,1
恍如,1
并记,1
3918585170,1
绮,1
sq,1
5938741721,1
好省,1
昊天,1
陈静,1
吴楠,1
看望,1
疲劳,1
急性,1
心肌梗塞,1
合并,1
肺水肿,1
嘱咐,1
痊愈,1
6226440412,1
上头,1
小周,1
舒缓,1
3938747617,1
海鲜,1
烧烤,1
侦探社,1
模糊,1
情形,1
1662553821,1
励志,1
这点儿,1
小事,1
室,1
尾,1
7305756844,1
彬彬,1
有语,1
2769140044,1
折花,1
掉落,1
花瓣,1
只为,1
武大,1
最有,1
心意,1
顺利,1
捞,1
正常,1
可贵,1
抵住,1
股,1
5123770420,1
休舱,1
好消息,1
频频,1
打赌,1
清零,1
发给你,1
套路,1
深呐,1
拆穿,1
温,1
继成,1
观看,1
韶关,1
1898717564,1
sukcri1203,1
允许,1
Lsukcri1203,1
2945684761,1
没挺,1
邱,1
武平,1
1045678793,1
周,1
情况危急,1
手术室,1
干着急,1
舞蹈,1
却帅,1
炸,1
老伴,1
外面,1
回忆起,1
肃然起敬,1
屈,1
地带,1
夜以继日,1
忍受,1
五味杂陈,1
中途,1
眼看,1
灵机一动,1
简爱,1
逗得,1
大伙,1
直笑,1
碰壁,1
运送,1
沙漠之舟,1
切切实实,1
剧对,1
美化,1
掩盖,1
沉着,1
冷静,1
经验丰富,1
退却,1
回乡,1
卫生所,1
娇小,1
迸发出,1
12741,1
朦胧,1
中见,1
文声,1
聆,1
隐江舟,1
定夺,1
升华,1
飞天,1
之筝,1
水上,1
善润,1
地之子,1
6134340124,1
拖地,1
摔倒,1
纸尿裤,1
频出,1
逐渐,1
初来乍到,1
懵懂,1
弄坏了,1
一套,1
缘分,1
最棒,1
6393470285,1
包吃包住,1
坐错,1
历险记,1
江灿去,1
不耐烦,1
嚷嚷,1
感冒,1
伴侣,1
👏,1
铜矿,1
6681659543,1
落英,1
空,1
分崩离析,1
各奔东西,1
留给,1
更有意义,1
真谛,1
2088118687,1
六十度,1
樱桃,1
白兰地,1
出租车,1
番话,1
爆棚,1
1786175837,1
水是,1
路过,1
胡庆,1
表扬,1
守护神,1
戎装,1
6098015548,1
既有,1
铠甲,1
领队,1
真情,1
257,1
王夏夏,1
Lucky,1
清楚,1
2019,1
不明,1
在意,1
太去,1
一如,1
往常,1
异样,1
中旬,1
5262043447,1
邓伦饰,1
误打误撞,1
重病,1
最质,1
1286570915,1
229,1
微播,1
华夏儿女,1
过不去,1
芜湖,1
5649170494,1
西湖,1
重返,1
热泪盈眶,1
政务,1
登,1
黄鹤楼,1
鲜为人知,1
尝近,1
百种,1
名,1
明,1
点到,1
不见不散,1
主播,1
2332437804,1
小熊,1
软糖,1
1874471845,1
352,1
不怕苦,1
不怕累,1
构筑,1
没有冬天,1
580,1
988,1
269,1
144,1
1683,1
透过,1
申申,1
旅途,1
2365514944,1
已有,1
一个多,1
星期,1
当地,1
诉说着,1
境遇,1
怎能,1
百挠,1
不屈,1
前所未有,1
有钱,1
有力,1
国内,1
防范,1
一片,1
祥和,1
3810997996,1
红姐,1
2600723422,1
米格,1
子屋,1
预告片,1
2834116473,1
古镇,1
没上,1
掉头,1
喝茶,1
钩花,1
堵心,1
花花世界,1
美美,1
不二,1
崩回,1
洗手,1
衣物,1
酒精,1
喷洒,1
尽量避免,1
不必要,1
最佳,1
呵呵,1
1077,1
3900215081,1
陈如带,1
山体,1
滑坡,1
听闻,1
6620899150,1
525,1
5295130230,1
北望,1
神州,1
避孕套,1
厌烦,1
和谐,1
长效,1
避孕药,1
5267056516,1
枫,1
LAN97,1
一代人,1
5488895068,1
经济,1
博物馆,1
财经,1
fans,1
词语,1
追星族,1
某某,1
引发,1
什,1
1704819467,1
雨巷,1
017,1
5276319091,1
但亚,1
文哥,1
肢体,1
波动,1
诠释,1
谢悦,1
烟火,1
青春,1
腼腆,1
博学,1
小学生,1
江湖,1
明明白白,1
1836190985,1
杨昌熹,1
欢欢,1
佩奇,1
意大利,1
带上,1
佩琪,1
出舱,1
问起,1
走时,1
配乐,1
片尾曲,1
虎牙,1
77547,1
6570557686,1
发博,1
晒,1
自我,1
赤诚,1
一往无前,1
2073858184,1
彩蛋,1
😏,1
代替,1
华西,1
反起,1
😂,1
惊心动魄,1
敬请期待,1
广州,1
语涵,1
视听,1
以来,1
发好,1
火把,1
饭菜,1
打翻,1
康复,1
1110432760,1
主创人员,1
实际行动,1
动着,1
双向,1
解惑,1
夸奖,1
大忙,1
杨新鸣,1
出仓,1
辅导,1
为铎,1
庆祝,1
暖,1
送花,1
友好,1
融洽,1
温馨,1
朝奉,1
2080111071,1
大星,1
锤,1
名义,1
丁义珍,1
丁,1
市长,1
认错,1
5984314550,1
饿,1
操盘手,1
检,1
激昂,1
医人,1
1322980291,1
妖女,1
非羽,1
例,1
学生,1
新疆,1
.....,1
1147245444,1
看边,1
加糖,1
6330611233,1
中泪点,1
致,1
3254966413,1
满足,1
鹿捷,1
毛晓慧,1
一朵,1
毛,1
大球,1
书包,1
魔方,1
颜,1
结缘,1
反思,1
1739274593,1
糕点,1
帮铎,1
洋溢着,1
拍过,1
有事,1
范围,1
马大姐,1
献计,1
冒充,1
脾气,1
玫瑰花,1
超市,1
需求,1
自动,1
icon,1
蔡蔡,1
活泼开朗,1
这群人,1
113,1
5143870621,1
小视频,1
着想,1
运动,1
装点,1
建,1
不堪重负,1
雪上加霜,1
变相,1
减负,1
牟小,1
煎,1
橙,1
实不相瞒,1
联想,1
P1,1
这幕,1
降临,1
一秒,1
1533949847,1
发脾气,1
树立,1
兴奋,1
高呼,1
我爱你,1
没电,1
暖气,1
不忍,1
直视,1
晓之以理,1
动之以情,1
打得赢,1
搞不搞,1
魂,1
灵儿,1
不速之客,1
新型,1
冠状病毒,1
非同寻常,1
保驾护航,1
关键时刻,1
白衣战士,1
放声,1
3719795202,1
开舱,1
加油打气,1
暴雨,1
进舱,1
陆陆续续,1
进入,1
不乐意,1
帮胡,1
解决困难,1
分发,1
后勤,1
主管,1
急,1
但心,1
拒绝,1
劝,1
管用,1
叫铎,1
人去,1
寒假作业,1
小凉,1
June,1
降大任,1
带头,1
请缨,1
起立,1
报名,1
5988095014,1
度,1
贴合,1
值得一看,1
换来,1
顺遂,1
5324777856,1
淳安,1
请战,1
方寸之间,1
用大爱,1
化解,1
心结,1
5219506757,1
MercuryRan,1
醒过来,1
梦到,1
好惨,1
肿起来,1
几分钟,1
肚子痛,1
姨妈,1
谢天谢地,1
悄,1
咪咪,1
酸奶,1
麦片,1
痛死,1
一点点,1
痛感,1
嘻嘻,1
生理期,1
6357143512,1
1805,1
2259,1
5129,1
3106248957,1
不休,1
舱,1
轻声细语,1
整齐划一,1
捍卫,1
家国,1
果敢,1
一代代,1
照护,1
退役军人,1
直言,1
1492498157,1
张汉清,1
LChiaLing,1
渔舟唱晚,1
体育中心,1
今昔对比,1
好巧,1
沉重,1
氛围,1
轻松,1
二维码,1
1728849454,1
胡说八道,1
编辑部,1
多难,1
5873819133,1
大腕,1
肺,1
管子,1
眼角,1
湿润,1
一课,1
神笔,1
马亮,1
普遍,1
用力过度,1
话剧,1
304,1
1033,1
5863056867,1
桃之夭夭,1
0530,1
1761919772,1
角度,1
业务,1
大比拼,1
一目了然,1
静轩,1
JJ,1
2809284144,1
TTQ,1
山海,1
织毛衣,1
疯,1
看个,1
宜春,1
5850772089,1
圈内,1
张定,1
宇为,1
2074237943,1
主治医生,1
一怕,1
近距离,1
喷射,1
极具,1
传播,1
二怕,1
生命危险,1
徐静血,1
氧,1
饱和度,1
不妙,1
床边,1
呼唤,1
到达,1
地点,1
有条不紊,1
分配任务,1
坐下,1
满是,1
汗水,1
出示证件,1
表明,1
呼吸科,1
CV,1
465,1
午安,1
b,1
站上,1
山东,1
提到,1
哽咽,1
纪录,1
真真实实,1
5460482722,1
BttylOuO,1
5311577653,1
junjun,1
中说,1
1741327895,1
科技,1
疯汇,1
档次,1
结构,1
硬伤,1
舞台剧,1
硬生生,1
考场,1
本该,1
白开水,1
填补,1
2194868354,1
叶,1
莫莫,1
评价,1
先看,1
运用,1
1941593997,1
已播,1
六个,1
二十四,1
跑题,1
热血沸腾,1
一笔带过,1
设定,1
BUG,1
懒,1
能吐槽,1
六百,1
5383331187,1
小樂编,1
Psyche,1
背景,1
群体,1
几句话,1
花朵,1
绽放,1
孤独,1
7067318279,1
1664441187,1
营养,1
监测,1
赵丽云,1
基本建设,1
移交,1
部队,1
在院,1
病人数,1
过千,1
闭院,1
稳定,1
运行,1
日夜,1
累计,1
收治病人,1
3059,1
实际,1
2961,1
数量,1
居,1
全市,1
1036416250,1
3264659651,1
星期一,1
☀,1
一帧,1
帧,1
既暖心,1
禁足,1
苦闷,1
微不足道,1
不值一提,1
大意,1
安全措施,1
😷,1
JackieJieJie,1
黄志杰,1
3687058830,1
节日期间,1
版,1
一家人,1
降落,1
Nichome,1
飞船,1
严格要求,1
2487028337,1
专用,1
马甲,1
几万名,1
后援,1
泡面,1
香味,1
今后,1
一碗,1
热气腾腾,1
康师傅,1
红烧,1
牛肉面,1
1269,1
523,1
1858,1
3217179555,1
薇薇安,1
猫咪,1
集哭,1
至少,1
朱亚文演,1
灰暗,1
对讲机,1
停过,1
接连,1
拉进,1
沉入,1
海中,1
旁观者,1
闷,1
里边,1
出不来,1
周围,1
吵杂,1
1750494164,1
桃,1
小枝,1
枝枝,1
2471452853,1
世抗疫,1
仰望,1
无边无际,1
张嘉译益,1
差强人意,1
皮肤,1
仓促,1
起因,1
苗头,1
官场,1
百态,1
引起共鸣,1
2646332794,1
音乐剧,1
轻度,1
机缘巧合,1
投身,1
🔒,1
O10,1
日晚,1
湖南卫视,1
剧之,1
历史,1
3228002342,1
疯子,1
抱抱,1
1281300043,1
划分,1
演过,1
火山,1
建造,1
不容,1
八五,1
5190876875,1
陈璐,1
一二四,1
太高,1
差距,1
连带,1
出彩,1
倒霉,1
最烦,1
弹幕,1
不差,1
好比,1
紧迫感,1
原,1
3086509415,1
篇幅,1
故事情节,1
化,1
瑕不掩瑜,1
立意,1
方方面面,1
发挥,1
女演员,1
忽,1
八组,1
密探,1
167,1
682,1
2558526294,1
影视娱乐,1
剧综,1
息心,1
照料,1
不好意思,1
小便,1
按住,1
之分,1
128,1
318,1
1837013334,1
西瓜,1
5186141858,1
大地,1
正儿八经,1
懒觉,1
七点,1
多醒,1
吃个,1
早饭,1
出手,1
蒸面,1
味道,1
逛街,1
开熏,1
ing,1
骑小,1
1427917382,1
流调员陆,1
認識,1
職業,1
疾控流,1
主要职责,1
承诺,1
盾牌,1
特点,1
在于,1
素养,1
自律性,1
中要,1
混乱,1
绝望,1
升起,1
涂凌,1
学会,1
急转直下,1
第三次,1
还会,1
痛苦,1
难忍,1
想像,1
呼叫,1
鲸鱼,1
问候,1
之上,1
3607008061,1
合力,1
庄诚接,1
尿壶,1
想出,1
供氧,1
院,1
见过面,1
军属,1
插,1
完管,1
另一边,1
嫌,1
强调,1
接收,1
汉民,1
连轴转,1
培训,1
见面,1
2003,1
令人羡慕,1
雨夜,1
断电,1
人手不足,1
不负使命,1
坚定信念,1
意志,1
坦然,1
躲避,1
塌方,1
进山,1
着手,1
紧,1
百分百,1
前来,1
遭遇战,1
无创,1
剧乐,1
甜甜,1
3711229445,1
恰,1
韶年,1
ANG,1
223,1
561,1
5045897865,1
一声,1
Angmuzik,1
翟漱文,1
洁净,1
清新,1
巧白,1
免水,1
洗手液,1
冠名,1
1730616924,1
价值,1
完后,1
貌似,1
怀揣,1
之心,1
对待,1
世上,1
图二放,1
当年,1
身穿,1
以此,1
妫海,1
婼,1
現在,1
戰場,1
這裡,1
戰士,1
6623288739,1
默读,1
512,1
932,1
3102,1
6054996027,1
陆军,1
张琳,1
报到,1
shutterbug,1
不起眼儿,1
敢想敢干,1
创新,1
善于,1
沟通,1
果断,1
大放,1
光彩,1
5719690524,1
等璃子,1
收容所,1
jmm,1
很费,1
纸巾,1
冲着,1
至极,1
晒出,1
男神帅,1
第四集,1
超出,1
冲击波,1
犹豫,1
间歇,1
偶然,1
善举,1
高超,1
妹妹,1
过太多,1
世事,1
一股,1
子,1
热血,1
千山万水,1
飞驰而来,1
乐西哟,1
十天,1
引以为傲,1
能少,1
战,1
1858778915,1
德芙,1
2651165905,1
1031,1
582,1
4030,1
6519858788,1
献礼,1
两影,1
一剧,1
6455783071,1
阳,1
5947264553,1
SOLO,1
行业,1
酸甜苦辣,1
2768336707,1
小媛花,1
剧泪点,1
扛不住,1
LSOLO,1
6598009979,1
💕,1
kkw,1
脖子,1
大晨晨,1
1813845997,1
EDGNice,1
连通,1
空城,1
街舞,1
202,1
5652926951,1
哭成,1
nice,1
紅棉,1
不善言辞,1
细致入微,1
👆,1
🏼,1
電視,1
囉,1
難得,1
這里,1
熱播,1
群星,1
拱照,1
人氣,1
戰疫題,1
材電視劇,1
我過,1
兩天,1
奪冠,1
🏆,1
以後再,1
電影,1
頻道,1
這,1
暫時,1
不播,1
沒法,1
超想,1
鄉,1
香港特区,1
沙角,1
邨,1
动哥,1
跟班,1
如果说,1
强制力,1
维护,1
秩序,1
那流,1
坚实,1
后盾,1
线索,1
侦破案件,1
掌握,1
医学类,1
传染源,1
被忽视,1
揪出,1
2476448471,1
6085757494,1
豌豆,1
Ran,1
积累,1
甚得,1
2049063447,1
瓜,1
不吃,1
封城人,1
传人,1
做起,1
巨人,1
聚是,1
一堆,1
火,1
散,1
2366176530,1
BTACE,1
白鹭,1
三口,1
1874901000,1
梦想,1
渺小,1
上集,1
剪,1
怜惜,1
手法,1
高级,1
78,1
8.3,1
口味,1
点题,1
勉强,1
审美,1
撑死,1
6253921963,1
冬欣寒,1
1924701641,1
熙然,1
宝杰,1
任敏,1
施柏宇,1
有生之年,1
两人组,1
磕,1
7313241519,1
软萌,1
萝北,1
看不到,1
多人,1
良心,1
5941158954,1
星夜,1
Star,1
night,1
解决不了,1
周遭,1
想过,1
奋进,1
道路,1
任何人,1
位置,1
2261617955,1
筷说,1
鱼乐,1
232,1
285,1
1173,1
2652827175,1
7469612799,1
核算,1
阳性,1
报警,1
136,1
公共,1
作出,1
个人利益,1
panda,1
妍妍,1
1096071401,1
警犬,1
式,1
搜证,1
逻辑性,1
撒谎,1
官网,1
判断,1
赶上,1
坐飞机,1
头脑,1
286,1
认了,1
套近乎,1
般的,1
第零,1
仔细,1
微博上,1
数字,1
键盘,1
侠们,1
叫嚷,1
跟风者,1
真该,1
基层人员,1
反馈,1
精力,1
少些,1
165,1
六岁时,1
心理,1
不发,1
别难过,1
波,1
好友,1
正向,1
一批,1
看不见,1
危急,1
无怨无悔,1
漫长,1
巨额,1
工作量,1
不仅如此,1
通知,1
录,1
音,1
赞叹,1
背出,1
法条,1
五体投地,1
6486387902,1
无忧,1
不善,1
他用,1
才华,1
1263965765,1
大黄,1
鹖,1
冠子,1
卷下,1
世贤,1
第十六,1
记载,1
魏文侯,1
三人,1
二哥,1
次之,1
长兄,1
病视神,1
未有,1
形而除,1
中兄,1
治病,1
毫毛,1
闾,1
鑱,1
血脉,1
毒药,1
肌肤,1
闲而名,1
出闻,1
诸侯,1
5082091779,1
95,1
魏涛,1
遭,1
调和,1
路人,1
劝阻,1
傻蛋,1
各大台,1
不愿,1
不堪回首,1
民族英雄,1
耀眼,1
光环,1
1960516495,1
沛沛子,1
J,1
hjy,1
俗称,1
自闭症,1
特征,1
怪异,1
重复性,1
仪式,1
性行为,1
缄默,1
显著,1
高水平,1
技巧,1
方面,1
形成,1
机敏,1
具有,1
吸引力,1
外貌,1
3182129391,1
阿兹海默症,1
巧妙,1
问出,1
69,1
放走,1
定时炸弹,1
当做,1
太难,1
🌲,1
唠叨,1
养成,1
🈶,1
第二次,1
缴械投降,1
🏳,1
汇报,1
孙雪丽,1
密接,1
上万,1
疑似病例,1
分析,1
63,1
曹盾,1
1304,1
225,1
2899,1
7217752349,1
Otter,1
水獭,1
5661530737,1
笑话,1
nkuidtOrbc8,1
诸暨市,1
1062383455,1
癣,1
藓,1
剧做,1
之好,1
5589369586,1
空无一人,1
前去,1
硬仗,1
脑仁子,1
喘,1
王茂蕾,1
崇高,1
226,1
1310255983,1
黎明,1
破晓,1
追击,1
盛大,1
尤其,1
第十个,1
回望,1
科長,1
說陆,1
流調,1
奇才,1
們,1
LNikita,1
泰山,1
阿超,1
200928,1
👗,1
YCH,1
cr,1
2139156880,1
余,1
憧憬,1
曦,1
卉,1
Cici,1
大英,1
无处不在,1
愉快,1
3732814510,1
坐等,1
自愿,1
捐出,1
致歉,1
坐上,1
车里,1
窗外,1
新鲜,1
空气,1
打听,1
奔溃,1
送饭,1
谦谦君子,1
热爱生活,1
热爱,1
宅,1
之际,1
战中,1
大无畏,1
1798713455,1
3989281342,1
plus,1
老家,1
出生,1
小提琴,1
拉出,1
疼爱,1
悲欢,1
刀子,1
心上,1
5346870431,1
大猫,1
BigCat,1
广东省,1
台山,1
现役,1
歌手,1
姓名,1
乘风,1
咕,1
两张,1
ep,1
岛,1
好听,1
力量感,1
自律,1
1734988704,1
标,1
憋不住,1
5883486748,1
履虎,1
里会,1
求助,1
竭尽所能,1
爱护,1
1645871091,1
李睿,1
风云,1
6571509003,1
青柠,1
芯,1
妇科,1
彩云,1
气场,1
忙,1
三部,1
同期,1
涛,1
姐要,1
转换,1
6430272625,1
入山,1
之湖,1
妆,1
位,1
比拼,1
好戏,1
内容,1
妥帖,1
精准,1
7056103310,1
1337,1
人替,1
鹿晗,1
发声,1
翘首以待,1
事实证明,1
迎来,1
转机,1
瓦洛佳,1
LIN,1
周六日,1
不敢相信,1
现代,1
5411611855,1
夏衍,1
逾忆,1
5151423646,1
仪器,1
摆放,1
震撼人心,1
考究,1
倾力,1
打造,1
每一处,1
唧唧,1
东北大学,1
159,1
180,1
2854,1
6166333177,1
发自内心,1
慰藉,1
开开心心,1
东田,1
造型,1
王靖,1
✖,1
小斯,1
倾情,1
音源,1
生而,1
向阳,1
生长,1
1248597814,1
108,1
ann2013,1
自闭,1
急坏,1
他会,1
3737911160,1
万众一心,1
病危,1
配件,1
搜寻,1
君乐宝,1
🧤,1
671,1
176,1
891,1
1958446775,1
毛毛,1
拜托,1
转达,1
母子,1
此时,1
已因,1
生前,1
一眼,1
悲痛,1
2313691191,1
一大早,1
发微信,1
看電視剧,1
重溫,1
悲,1
悲戚,1
戚,1
秋雨,1
缠绵,1
吃酒,1
釀湯圓,1
听雨,1
🌧,1
家里人,1
跳,1
广场,1
舞,1
见状,1
感情,1
纯享,1
高光,1
他来,1
乐彬来,1
添加,1
享享,1
Cal,1
追豆,1
6429128905,1
完整性,1
营造,1
注意力,1
尊重,1
艰,1
402,1
735,1
前进,1
良好,1
angle,1
5602588863,1
长满,1
没能,1
掀开,1
白布,1
图图,1
恍如隔世,1
多想,1
缺,1
因素,1
局限性,1
909,1
5859979811,1
拿到,1
床位,1
梦园,1
主人,1
1965,1
先是,1
冷酷,1
电脑,1
关系,1
人命,1
TA,1
身后,1
救赎,1
挫折感,1
2823257094,1
怎么回事,1
登上,1
搜榜,1
排名第,1
朱亚,1
文汗量,1
578,1
1554,1
1418694913,1
考完试,1
沉默,1
倒床,1
班太臭,1
病号,1
按压,1
突,1
我刚,1
脱离,1
一出,1
161,1
1694,1
5783350818,1
徐七,1
5170797014,1
古月,1
士口,1
送来,1
痛哭流涕,1
2362249554,1
粉萌,1
6471175698,1
眼中,1
有亮,1
旅游,1
大面积,1
淡出,1
穿越,1
回一,1
月初,1
避免,1
6331782078,1
缇,1
可张,1
墙,1
推一波,1
抗疫大剧,1
1.0,1
细细,1
去品,1
真实度,1
圆满,1
新闻报道,1
医用,1
短缺,1
工业,1
6290293780,1
霍,1
小花,1
5342887375,1
时缺,1
方锦,1
告知,1
库房,1
旧,1
缺少,1
一同,1
协力,1
方锦找,1
计算,1
加个剧,1
111,1
127,1
617,1
6580966029,1
Belindabcd,1
懂,1
关键,1
LBelindabcd,1
2719558761,1
6026618536,1
份,1
树洞,1
小编,1
先来,1
说说看,1
黑眼睛,1
光明,1
三月份,1
口,1
小区,1
风雪,1
伙伴,1
每辆车,1
消杀,1
陌生人,1
1347145254,1
方案,1
汇总,1
陆续,1
出发,1
魏,1
念念不忘,1
朱,1
赌约,1
回复,1
击中,1
阿拉,1
Aura,1
小脚丫,1
前两天,1
满脑子,1
品种,1
🌚,1
愣,1
广告插播,1
5645916895,1
忐忑,1
很棒,1
6086153024,1
唐德,1
护航,1
冲锋在前,1
缅怀,1
逝者,1
1852673821,1
朱血,1
氧量,1
突降,1
呼吁,1
外界,1
加强,1
幸好,1
初露锋芒,1
全情,1
两年,1
打哈哈,1
256,1
749,1
7400459863,1
儿科,1
候诊,1
大得多,1
您们,1
病,1
小演员,1
5500658377,1
多远,1
陌生,1
手握,1
每寸,1
一一,1
练字,1
书法,1
1109497985,1
承制,1
王琳,1
先后,1
陈景妍,1
阿婆,1
S,1
妍,1
胡博豪,1
君墨,1
HBH,1
胡静,1
495,1
2726,1
5296628024,1
观察哨,1
1196831477,1
之行,1
困难重重,1
机票,1
票,1
BGM,1
一响,1
燃炸,1
79,1
逆旅,1
zds,1
5833676641,1
不畏艰难,1
历程,1
惧,1
清洁,1
产品,1
不计成本,1
调集,1
资源,1
加紧,1
加快,1
供应,1
菲菲子,1
7487538890,1
黎曼,1
FantasticDeparture,1
很怕,1
6521591936,1
工商,1
秘密,1
沪,1
老同学,1
老朋友,1
码一变,1
面试,1
索性,1
找部,1
片子,1
我点,1
进,1
2514127734,1
68,1
寝室,1
大老爷们,1
派人来,1
小男孩,1
shi,1
排查,1
6563196276,1
南昌,1
身处,1
之地,1
跨越,1
3274822530,1
7241326782,1
拉住,1
痛心,1
狂,1
打喷嚏,1
小胖,1
5537464340,1
热门,1
应用,1
APP,1
1899057487,1
小柴,1
住院,1
心切,1
健健康康,1
5262333051,1
危凌天,1
✔,1
1901097202,1
2769926567,1
定位,1
磨皮,1
滤镜,1
抱,1
抽,1
四集,1
懵,1
相较,1
xxx,1
杨洋汉,1
几种,1
答出,1
满分,1
277,1
云集,1
家中,1
收拾,1
荆州,1
交通不便,1
不辞辛劳,1
坚韧,1
离家,1
共抗,1
灿烂,1
bt,1
当前,1
尽孝,1
晚间,1
紧密,1
相连,1
227,1
585,1
1339812185,1
天象,1
往外,1
晚看,1
亲身经历,1
芳子,1
🍵,1
肿,1
越大越,1
从容,1
恰到好处,1
喜悦,1
入世,1
无处,1
喝杯,1
茶,1
看看书,1
不爱,1
美心,1
豆沙,1
双黄,1
饼,1
皮,1
糯豆,1
蛋黄,1
油,1
3249475822,1
大卫,1
井申,1
肖霍,1
乱,1
身份,1
众生相,1
无论是,1
边缘,1
员,1
饭店,1
窗口,1
唱国歌,1
5017406605,1
帝王,1
蟹,1
蟹黄,1
7304651463,1
假日,1
全家,1
赏月,1
年轻,1
周口,1
418,1
1245,1
2617840787,1
慧,1
叔叔,1
Lee,1
1895078641,1
张一白,1
垫底,1
悬念,1
PK,1
处刑,1
该来,1
总会,1
第三个,1
评,1
最差,1
别忘了,1
差是,1
378,1
153,1
776,1
child,1
1652312023,1
肖奈家,1
玉兔,1
无坚不摧,1
战神,1
2794563545,1
口红,1
王子,1
群友,1
咖张,1
嘉译,1
咖吕中,1
观后感,1
2294186711,1
挚爱,1
转存,1
路透,1
5867797477,1
困苦,1
打不倒,1
1825690713,1
爱丁堡,1
山楂,1
内蒙古,1
村村,1
响大,1
喇叭,1
撰写,1
农牧区,1
稿,1
百余条,1
呼和浩特,1
1280512977,1
地图,1
真实感,1
眼技,1
影片,1
370,1
137,1
707,1
魔王,1
中酱,1
3475677644,1
宏理,1
羊圈,1
存货,1
大清,1
仓,1
影,1
综都,1
待播剧,1
1973372127,1
Absinthe,1
尚,1
集飙,1
奉,1
口碑,1
佳作,1
评分,1
出炉,1
一举,1
诞生,1
非,1
悬疑,1
类,1
类别,1
3981884153,1
娃哈哈,1
笑眯眯,1
剧就略,1
1585631340,1
微博去,1
童言,1
真理,1
主体,1
桃子,1
坏人,1
时说,1
长得,1
成人,1
孩童,1
脸谱化,1
易,1
定势,1
犯长,1
华府,1
御园,1
380,1
sunny,1
xu,1
给乐彬,1
及时发现,1
调配,1
中毒,1
立即,1
挽救,1
注意,1
1828162801,1
余晓云,1
王雷,1
秦海璐,1
王志飞,1
416,1
贝晓,1
2709312667,1
临阵脱逃,1
不屑,1
不小,1
孝敬,1
胆小,1
个人感觉,1
多个,1
同一,1
教师,1
一堂课,1
比赛,1
优缺点,1
优点,1
纠结,1
kingsMa,1
3805511324,1
陈荃,1
担任,1
黄彦威,1
李海,1
蜀,1
友情,1
接力,1
篇章,1
5287499628,1
探长,1
剪去,1
一道道,1
倩影,1
569,1
5527991621,1
一人,1
想接,1
找人,1
独守,1
142,1
破碎,1
星池,1
十月,1
一日,1
流水账,1
缘故,1
🤒,1
百出,1
🍜,1
螺蛳,1
舍友,1
很受,1
💤,1
补觉,1
两,1
换洗,1
床单,1
煮,1
🥟,1
很香,1
6671548049,1
壹个,1
飞快,1
逝去,1
B,1
up,1
走心,1
丫丫,1
徐坤,1
合唱,1
锁寒江,1
落樱染,1
轻裳,1
中秋佳节,1
某人,1
多年,1
幸得,1
安稳,1
3940090185,1
Asue,1
油然而生,1
风暴,1
离着,1
绷着,1
有时,1
每种,1
悸动,1
一瞬间,1
2681959983,1
麦向,1
太燃太好,1
bgm,1
千辛万苦,1
163,1
5734247970,1
蛋塔,1
追网,1
红剧,1
bug,1
租车,1
六月份,1
unit,1
有图,1
为证,1
2330074604,1
1425316445,1
Zheng,1
丽萍,1
20201001,1
节,1
拜,1
🌙,1
看回,1
无尽,1
1890737394,1
3194802792,1
大志,1
橙色,1
外套,1
somei,1
無人能,1
抵擋,1
言敗,1
理想,1
迷茫,1
寫,1
滿榮耀,1
南征,1
北戰,1
NZBZ,1
看電視劇,1
聽到,1
這首,1
劇情,1
5859438029,1
野花,1
谧,1
八十多岁,1
守,1
造成,1
负担,1
修剪,1
救,1
2596512953,1
小猴,1
爱喝,1
coffee,1
1796961115,1
献力,1
184,1
354,1
1949,1
最能,1
渐冻症,1
蹒跚,1
现实生活,1
挺过,1
260,1
1491,1
207,1
625,1
Submarine,1
龄,1
铛,1
源自,1
武汉协和医院,1
科,1
朱彬,1
科室,1
强度,1
想尽办法,1
曲线,1
路程,1
艰险,1
誓,1
昔日,1
共进退,1
加持,1
鼓舞,1
难关,1
2412781251,1
诚邀,1
晕,1
⬇,1
几声,1
村子,1
舍,1
保,1
关二爷,1
无疑,1
喵,1
躲猫猫,1
楚汉,1
分明,1
出城,1
最长,1
公里,1
进城,1
空空荡荡,1
步行,1
自行车,1
摩托车,1
骤然,1
打击,1
源源不断,1
一方,1
5269455252,1
87,1
MusicRadio,1
背光,1
而立,1
掌光者,1
明亮,1
一缕,1
闪闪发光,1
263,1
1668662863,1
official,1
速递,1
凝聚,1
点点,1
星光,1
集团,1
旗下,1
生而为,1
总要,1
颗,1
心来,1
防身,1
歌声,1
1342,1
605,1
6604869546,1
侃侃,1
3170361330,1
沧海,1
一粒,1
粟,1
阳台,1
简简单单,1
饱含,1
深情,1
气恨,1
之余,1
7139859831,1
慕洋,1
6200509071,1
八天,1
假宅家,1
攻略,1
👉,1
前路,1
坎坷,1
3d,1
刺激,1
笑点,1
可看,1
不美哉,1
115,1
160,1
一枚,1
从天而降,1
下限,1
误用,1
命悬,1
救回来,1
俩,1
一步,1
2778232063,1
GradWache,1
6016139938,1
蝴蝶,1
披风,1
1776726493,1
团圆,1
阖家幸福,1
执甲,1
奮鬥,1
前線,1
你們,1
為,1
國家,1
捨,1
棄了,1
联动,1
建议,1
手把手,1
教学,1
压出,1
勒痕,1
是不是,1
以假乱真,1
冯雪雅,1
雪儿,1
猝不及防,1
6335073076,1
逆光,1
村庄,1
串门,1
儿行,1
千里,1
我救,1
能救,1
二老,1
4444x,1
途中,1
洪涛,1
安全意识,1
打了个,1
喷嚏,1
高度重视,1
淋雨,1
着凉,1
不畏,1
硬核,1
5828590006,1
353,1
通缉令,1
未免太,1
腿脚,1
利索,1
楼梯,1
置办,1
年货,1
女医生,1
剪掉,1
不值钱,1
国兴,1
家睦,1
月明,1
L4444x,1
5953655291,1
新人,1
重逢,1
好事成双,1
和兰,1
精灵,1
值班,1
补上,1
拍张,1
半成品,1
and,1
可真,1
3009001293,1
这身,1
圆圆,1
三集,1
只不过,1
此生,1
入,1
华夏,1
来世,1
种花,1
6272162868,1
别哭,1
傻瓜,1
芯里,1
6670571458,1
短暂,1
汤圆,1
不争气,1
HC,1
電視劇,1
藥店,1
銷售,1
師悅玲飾,1
附拍,1
攝,1
LHC,1
1784266133,1
偷摘,1
橙子,1
医学,1
哭肿,1
5333604738,1
闫洁,1
jooyee,1
离不开,1
市民,1
美团,1
间接,1
1894809783,1
菠萝,1
菠萝蜜,1
hhhh,1
点开,1
看待,1
源于,1
远比,1
后勤人员,1
封闭,1
举国欢庆,1
5986253279,1
云淡风轻,1
821127,1
5545898589,1
哪一年,1
没到,1
万分感激,1
传统节日,1
到来之际,1
顾全大局,1
很难,1
流动,1
频繁,1
春节前夕,1
亿,1
年前,1
神秘,1
肆虐,1
阶段,1
定义,1
喘气,1
5243205221,1
演渐,1
冻症,1
张伯礼,1
陈薇,1
获,1
称号,1
步履维艰,1
眉眼,1
前沿,1
三毛,1
Yi33,1
英雄事迹,1
总能,1
城儿,1
互助,1
6751368971,1
自医,1
乾县,1
演活,1
几步,1
一拍即合,1
利用,1
泳镜,1
道具,1
立体,1
大夜,1
挣扎,1
5788585373,1
张天卿,1
两回事,1
未知,1
5931325754,1
伐,1
瓦宁,1
瓦特,1
额宁,1
演技派,1
公映,1
中剧,1
2127391415,1
伍德,1
夏洛蒂,1
开分,1
好开心,1
看得见,1
1647330197,1
时能,1
危急关头,1
郝平,1
油气,1
结合部,1
6553314875,1
庞同學,1
不要脸,1
涉嫌,1
虚假,1
5048713151,1
国与,1
家装,1
满怀,1
刷抖音,1
刷到,1
站岗,1
打伞,1
可多人,1
抗洪救灾,1
送奶,1
特产,1
矫情,1
郑州,1
613,1
1665103091,1
独家,1
首发,1
星辰,1
壮美,1
小爱,1
词曲,1
坚毅,1
燃烧,1
5602728356,1
粉丝团,1
街道口,1
撩醒,1
夏虫,1
5594296734,1
苏镜,1
澄,1
哗啦啦,1
1684450601,1
商小略,1
xk,1
注定,1
共同努力,1
赢得,1
相逢,1
正值,1
跟随,1
国安,1
家圆,1
火炬,1
1883979502,1
无一掉,1
链子,1
大头,1
太有,1
层次,1
低估,1
戏太好,1
ots,1
851,1
不着,1
只会口,1
嗨,1
臭小子,1
静止,1
朝气,1
生命力,1
稀缺,1
一举一动,1
皆,1
折射出,1
本质,1
舍己为人,1
共进,1
令人感动,1
怒吼,1
释放,1
承担,1
新闻网,1
高架桥,1
聊天,1
3019319754,1
停下来,1
曙光,1
娱乐先锋,1
句,1
6049859384,1
看雷,1
奔,1
楚楚可怜,1
无可挑剔,1
流传下去,1
拍成,1
无烟,1
抗胜,1
2805214600,1
神奇,1
组织,1
一百个,1
1663,1
1571585030,1
longbaby99,1
来之不易,1
L58,1
3195167745,1
缓缓,1
樱酱,1
嫁,1
中秋节,1
清晨,1
已停,1
几日,1
议论,1
几部,1
获知,1
反差,1
集已,1
翻看,1
5898073953,1
情报员,1
属于,1
吹毛求疵,1
某部,1
水平,1
强烈建议,1
污蔑,1
妇女,1
5247719024,1
866,1
袁姗姗,1
创业,1
于震,1
蓝军,1
出击,1
6079113604,1
okmyang,1
瘫痪,1
维持,1
千万次,1
慷慨,1
赠予,1
暗夜里,1
黄色,1
身影,1
最令,1
2749372502,1
253,1
442,1
1680,1
6394099023,1
顺其自然,1
强求,1
幼儿园,1
涂画,1
繁荣昌盛,1
后怕,1
共鸣,1
文明,1
公共卫生,1
生活习惯,1
自欺欺人,1
1764943531,1
小米,1
Chan,1
2253206632,1
伦家,1
crystal1021,1
发展,1
程度,1
始终,1
同胞们,1
所谓,1
无数个,1
7484574551,1
吐槽,1
必要,1
留存,1
捕娱,1
高手,1
蓝,1
胖子,1
6582188142,1
百姓,1
常态,1
嚎啕大哭,1
却会,1
脑海,1
报道,1
浸满,1
双眼,1
久盼,1
落昕庭,1
合作伙伴,1
祝愿,1
甲方,1
叫醒,1
蒙恩,1
庞博,1
炫迈史,1
首款,1
全黑,1
含有,1
炭黑,1
成分,1
劲醒,1
行为,1
再也,1
听不懂,1
2930155301,1
嘶吼,1
事实,1
表情,1
正牌,1
火社,1
老板娘,1
全世界,1
第一个,1
pyq,1
🎬,1
5608788608,1
明知,1
接下,1
单去,1
门诊,1
围巾,1
毫不犹豫,1
匀出,1
小土豆,1
GD,1
师父,1
劝说,1
复杂,1
1916463693,1
爱瑜,1
玄,1
東西,1
如影,1
隨行,1
無聲,1
無息,1
心底,1
轉眼,1
吞,1
無力,1
無論,1
白天,1
黑夜,1
幾乎,1
無法,1
恨不能,1
5584936939,1
冲奖,1
人里,1
段子,1
服化,1
为此,1
长胖,1
豪言壮语,1
修饰,1
静坐,1
独白,1
起伏,1
6077973046,1
刘刚,1
剑,1
做为,1
无法挽回,1
无力,1
简陋,1
2128796094,1
83,1
监护室,1
长椅,1
二十多天,1
年龄,1
撑不下去,1
出口,1
受罪,1
刘院长,1
每集,1
不哭,1
一古二,1
强烈,1
2580181851,1
片儿,1
口气,1
每分,1
每秒,1
记在,1
脑海中,1
6605403081,1
王老汉,1
终日,1
同伴,1
哭喊,1
2136812981,1
concerto,1
No,1
Op11,1
2458935154,1
穿梭,1
早早,1
察觉到,1
一大堆,1
从心,1
泪流,1
澎湃,1
最开,1
5847418082,1
笑谈,1
词穷,1
aay,1
3105547755,1
注册,1
迷你,1
生鲜,1
半天,1
我大,1
十三太保,1
装不下,1
7129977851,1
厦门,1
糯米,1
米,1
小树,1
洞,1
送餐,1
下落不明,1
过世,1
能带,1
5562801291,1
我哥,1
搞点,1
娱乐活动,1
一言不合,1
俩对,1
脑瓜子,1
5424812968,1
民族,1
Man,1
小嫚,1
夫妻俩,1
聚餐,1
愿望,1
荣华富贵,1
浮云,1
身体健康,1
1855199142,1
哭死了,1
惊慌,1
无知,1
显,1
渺如,1
蝼蚁,1
心脏,1
支架,1
术后,1
室颤,1
彷徨,1
膝盖,1
弯曲,1
下沉,1
活命,1
相起,1
5362722851,1
一期,1
真人,1
对此,1
冒险,1
委婉,1
点击,1
头像,1
朗诵,1
静静地,1
7466945703,1
连口,1
热乎,1
吃不上,1
6156028842,1
最深,1
塑造,1
思妤,1
片头,1
灯光,1
夜景,1
改编自,1
情节,1
泛起,1
酸楚,1
哭花,1
2335506587,1
期待已久,1
分为,1
美,1
精彩演出,1
着眼,1
卖员,1
细小,1
弹,1
躺,1
生龙活虎,1
真真,1
逗,1
饱满,1
娱综,1
鎽,1
向标,1
巨献,1
是否,1
整夜,1
团圆饭,1
等待,1
配送,1
摆渡,1
酣畅淋漓,1
2616336575,1
惶恐,1
守土有责,1
笑颜,1
面,1
重重困难,1
江汉,1
传染病,1
专科医院,1
莫大,1
喜怒哀乐,1
渴望,1
擦干,1
5800185438,1
国家广播,1
电视总局,1
重点,1
项目,1
刚刚开始,1
天职,1
解,1
病痛,1
担当,1
学医,1
挣大钱,1
医,1
多家,1
在内,1
明星阵容,1
班底,1
底色,1
一大批,1
感人事迹,1
主角,1
社,1
7221367291,1
余年,1
QAQ,1
白大褂,1
打针,1
5148019645,1
敬业精神,1
请教,1
精心,1
贴近生活,1
力求,1
刘欢,1
Happy,1
片尾,1
夫人,1
小沫,1
2162738873,1
更让人,1
7303455726,1
4600,1
捕,1
小闰土,1
拍出来,1
一部分,1
从事,1
房间,1
客厅,1
1361,1
143,1
4791,1
2952218365,1
做饭,1
泡,1
粥,1
团队,1
调研,1
写出,1
1192,1
183,1
1780,1
6100411626,1
4800,1
989,1
1058,1
5295,1
1847672711,1
杨洋谈,1
骑着,1
演好,1
讨教,1
483,1
汇聚,1
成大爱,1
领衔,1
319,1
2591595652,1
1434,1
6051750055,1
剧透君,1
盛典,1
倪,1
大红,1
奚美娟,1
540,1
623,1
5174,1
3915748980,1
2400,1
游鱼,1
507,1
2011,1
2695377883,1
无法控制,1
司风,1
boy,1
不通,1
收场,1
好怕,1
罗喉计,1
571,1
287,1
822,1
2003954855,1
每日,1
羊,1
欢迎,1
部落,1
萌羊团,1
入驻,1
时光荏苒,1
青葱,1
热血青年,1
预祝,1
大卖,1
收视,1
长虹,1
7415670257,1
小太洋,1
🔆,1
㊗,1
羊毛,1
闯,1
天下,1
💙,1
10.1,1
9.30,1
930,1
相约,1
影院,1
看雷队,1
看乐彬,1
3756629014,1
十三,1
5217697849,1
旅俊誉,1
847,1
最酷,1
💒,1
6650896909,1
400,1
陆星成,1
言承旭,1
Jerry,1
小悠,1
两人,1
初吻,1
接吻,1
运气,1
塔罗牌,1
占卜,1
佔卜,1
134,1
449,1
沙弥,1
尼空华,1
贵州,1
日前,1
阿穆尔河,1
四大,1
卫星,1
范伟,1
张桐,1
韩学晶,1
花驹,1
之外,1
猜测,1
美人,1
煞,1
珠海,1
正宗,1
牛肉,1
拉面,1
2342279900,1
AnnieSongjiao,1
五台,1
五个,1
上星,1
多台,1
3515369992,1
辣鸡,1
凑在一起,1
5694098863,1
还算,1
xjy,1
新鲜感,1
腻歪,1
心动,1
刷牙,1
具体,1
5301855062,1
傲琳,1
骄,1
磁悬浮,1
列鸟,1
为啥,1
他俩,1
莫名,1
配,1
6452619533,1
爰,1
檀,1
第三十四,1
记,1
很烦,1
尝一尝,1
米线,1
转一转,1
屋子里,1
5683389444,1
纯情,1
小狮妹,1
7412769123,1
小果,1
豆,1
💖,1
一树,1
漫山遍野,1
相思,1
钟情,1
一瞬,1
地老天荒,1
咏叹,1
💞,1
燕破岳,1
互评,1
2014014890,1
小可爱,1
爱奇艺,1
多名,1
知名演员,1
5223885559,1
林梓尘,1
预播,1
9.27,1
东莞,1
5482951175,1
stXXyy,1
有意思,1
开口,1
爆出,1
惊,1
天雷,1
粗口,1
男主,1
2094393570,1
梅殇,1
016,1
排面,1
拢,1
龙,1
rwwOsOHktb8,1
陈一鸣,1
7208971983,1
yyy,1
变,1
深爱,1
满眼,1
意气风发,1
活泼可爱,1
怀念,1
初见,1
5126364266,1
笨笨,1
桑,1
郁可,1
唯,1
1920160721,1
大陆,1
礼拜天,1
凌晨,1
电话响,1
惊醒,1
昏睡,1
八点,1
加班,1
报表,1
到家,1
丰盛,1
心肝儿,1
晚,1
通化,1
刘堡,1
2329584377,1
一夏哈,1
不算,1
血色,1
湘西,1
搞不好,1
5824506507,1
见易,1
啥事,1
扛,1
人设,1
天花板,1
智商,1
盆地,1
道貌岸然,1
愚蠢,1
伪君子,1
自私,1
懦弱,1
绝世,1
绿茶,1
吐血,1
欢欢喜喜,1
5124975315,1
Ava,1
予飞,1
mua,1
夜里,1
默念,1
一百遍,1
雅集,1
博雅,1
618,1
7150738760,1
TONGSHANeeling,1
6062213094,1
之名,1
Day15,1
三天,1
顺便,1
体检,1
回归,1
6482201995,1
牛腩,1
粉牌,1
雪滴妍,1
听凤鸣,1
凤舞,1
御,1
宴夜,1
小书,1
N,1
男二,1
6122529934,1
我美,1
丑别,1
吱声,1
值当,1
哪来,1
侵占,1
公共资源,1
邀请,1
啥时候,1
2348020922,1
糖還,1
好不好,1
娇兰,1
勿,1
6803859914,1
橘子,1
tag,1
周五,1
九月末,1
可比,1
一天到晚,1
不干,1
正事,1
旁门左道,1
6883488154,1
木木小青柠,1
5655472799,1
橙汁,1
女士,1
碰瓷,1
6401143137,1
茵宝儿,1
进组,1
十块,1
YWJ,1
1777311767,1
洋果,1
99717,1
黄圣依,1
吴昕,1
郑希怡,1
拍部,1
6872608475,1
歇歇,1
实惨实,1
工具,1
肖奈,1
变于,1
满当当,1
6967574946,1
